,Product_Location_in_Tree,Product_title,Product_image_URL,Product_brand,Product_Rating,Number_of_Customer_review,Product_price,Product_About_Item,Product_Dim,Product_ASIN,Product_Item_Model_number,Product_Department,Product_Date_First_Available,Product_Special,Product_manufacturer,Country_Origin,UPSPSC_Code,Product_BSR,Number of sold of in a month,Product Specification,Product Description
0,Cell Phones & Accessories > Accessories > Adhesive Card Holders,Ferilinso for iPhone 13/ 14 Privacy Screen Protector 2 Pack 9H Anti Spy Tempered Glass Privacy Screen with 2 Pack Camera Lens Protector Case Friendly Accessories,https://m.media-amazon.com/images/I/715zX8EryZL._AC_SX679_.jpg,Ferilinso,4.3,"12,289",$8.88,"True 28¬∞ Privacy Protection: Ferilinso Privacy Coatings made of new materials from germany, have better Privacy performance than other materials. the screen is only visible to persons directly in front of the iPhone 13 & iPhone 14 6.1 inch screen and does not affect power. Keeps your personal, private, and sensitive information hidden from strangers, Provides the most powerful protection, even your friends or colleagues sitting next to you also can't see on your messages.
Shatterproof and Scratch-Resistant: Ferilinso Privacy Glass made of 9H super strong military explosion-proof glass, and the strengthened edge design ensure the corners of the screen are protected well. Which not only shock-proof, also protecting your screen from scratches to HIGH impact drops. The phone is placed in the bag without worrying about being scratched by sharp objects such as Keys.
Frontal 99.99% HD & Sensitive Touch: Ferilinso Privacy Glass screen protector break through the defects of the blurred picture of the privacy glass films on the market, highly restore the best visual feast brought by the iPhone screen. 0.33mm ultra-thin tempered glass maintains EXcellent responsiveness sensitivity touch make you feel nothing on screen. Hydrophobic and oleo-phobic coating make it anti-fingerprint and dirt- proof, giving you a ultimate Bare-screen touch.
Camera Protector & Case-Friendly: Ferilinso camera protector made of 9H glass effectively protect entire lens from drops, scratches, other accidents and not easy to fall off. Special designed Black circle Suitable night shooting function, brings you the original of beauty to every photo and video. This camera and screen protector designed to be Suitable with most cases. extra slight space around the bezel allows your case to wrap around the edge of your device without any Interference.
Face ID Suitable and Easy To Install: precisely cut for the iphone 13 & iPhone 14 6.1 Inch, this Privacy Glass does not interfere with the Face ID Feature. Comes with precision installation frame and complete cleaning kit, made the install very Easy. We are committed TO providing good service to every customer, whatever problems, you can Send us information through Amazon's Message Center, we will Provide you wIth Satisfactory Service Within 24 Hours.",5.61 x 2.66 x 0.5 inches,B09BN5D3WB,iPhone 14 ÔºÜ iPhone 13,none,"August 2, 2021",Scratch Resistant,Ferilinso,China,none,#1,none,none,Product Description
1,Cell Phones & Accessories > Accessories > Adhesive Card Holders,"Magnetic Card Wallet Holder with MagSafe for iPhone 15 Pro Max/15 Pro/15 Plus/15,for iPhone 14 Pro Max/14 Plus/14 Pro/14, for iPhone 13 Pro Max/13 Pro/13/13 Mini, for iPhone 12/12 Pro/12 Max,Midnight",https://m.media-amazon.com/images/I/51e3vz2DrBL._AC_SX679_.jpg,TWZKG,4.2,"3,687",$12.97,"[Compatible Models] Magnetic Adhesive Card Wallet Holder with MagSafe for iPhone 15 Pro Max/15 Pro/15 Plus/15,iPhone 14 Pro Max/14 Plus/14 Pro/14, for iPhone 13 Pro Max/13 Pro/13/13 Mini, for iPhone 12/12 Pro/12 Pro Max/12 Mini
[Endless Combinations] Mag Safe Wallet is a new ecosystem of accessories for easy attachment and faster wireless charging. It can work well with MagSafe Case.
[Easily Take Out the Cards] Just press the empty slot of the Mag-Safe Wallet, push out the card, and then pull out the card. Note: Please put at most 2 cards into the Magnetic wallet.
[Built-in 12 Powerful Magnets] The wallet features strong built-in magnets that allow it to effortlessly snap into place on the back of your iPhone. You can even stack it on top of a clear or silicone case with MagSafe to create a look that‚Äôs unique to you. The leather wallet is shielded so it‚Äôs safe for credit cards.
[Premium Leather Material] Mag-Safe wallet card holder is made of environmentally friendly PU leather. Exquisite craftsmanship ensures that the Mag-Safe wallet will not be easily deformed or opened. There is a matte and non-slip design inside, so you don't have to worry about falling off.",4.02 x 2.99 x 0.47 inches,B09JNQCXJW,TWZKG,Mens,"November 8, 2021",RFID Protected,TWZKG,China,none,#2,none,none,Product Description
2,Cell Phones & Accessories > Accessories > Adhesive Card Holders,"ESR Magnetic Wallet (HaloLock), Compatible with MagSafe Wallet, iPhone Wallet with Adjustable Stand, for iPhone 15/14/13/12 Series, Not for iPhone 13/12 mini, 3 Card Holder, Vegan Leather, Black",https://m.media-amazon.com/images/I/81r-S31BH4L._AC_SX679_.jpg,ESR,4.6,"8,124",$29.99,"Stronger Magnetic Lock: powerful magnets are 20% stronger than the official magnetic wallet to ensure that your wallet stand stays securely attached
Adjustable Stand: choose from portrait or landscape and any angle between 15¬∞ and 160¬∞ to find the perfect position to watch your favorite shows, Facetime your family, or browse the web
Smart Card Storage: 3 individual card slots give you quick and easy access to the card you need, when you need it; clear window makes flashing your ID quick and easy
Safe and Stylish: metallic mesh lining provides degaussing protection for your cards to prevent demagnetization; high-quality vegan leather offers a classic look and premium feel
Compatibility: only compatible with iPhone 15/15 Plus/15 Pro/15 Pro Max/14/14 Plus/14 Pro/14 Pro Max/13/13 Pro/13 Pro Max/12/12 Pro/12 Pro Max, official magnetic cases, and ESR HaloLock cases; not compatible with iPhone 13/12 mini
Complete Customer Support: detailed setup videos and FAQs, comprehensive 12-month warranty, lifetime support, and personalized help",4.13 x 2.6 x 0.3 inches,B09K75L2L1,cxzj_wallet_bk_acs_odeu,mens,"October 25, 2021",Stable and Adjustable Stand,Electronic Silk Road Corp,none,none,#3,none,none,"Product Description
Play Video
Stronger Magnetic Lock
Hold On Tight
Designed for the demands of everyday life, the built-in magnets provide a 70% stronger magnetic lock than the official magnetic wallet. Snap it on and get on with your day, knowing your most important items are always secure.
Multi-angle Stand
Enjoy the View
Going hands free has never been so convenient. Open out to any angle up to 160¬∞ via the strong, precision-design hinge and achieve a powerfully versatile and stable stand for your phone. Watch shows, read, or video chat with friends, all at the ideal viewing angle in portrait or landscape.
Smart Card Storage
Play Your Cards Right
3 separate card slots let you instantly access the card you need, when you need it.
Smart Card Storage Safe for Magnetic Cards Pocket Friendly Position Lock
Accessories Designed for MagSafe
Vegan Leather
25W 3-in-1
15W
Kickstand
360
Classic
Classic
Product Type
Magnetic Wallet Stand Charger with MagSafe Car Charger with MagSafe Wireless Power Bank Universal Ring Hybrid Case Hybrid Case + Stash Stand
Compatibility
iPhone 15/14/13/12 Series iPhone 15/14/13/12 Series iPhone 15/14/13/12 Series iPhone 15/14/13/12 Series iPhone 15/14/13/12 Series iPhone 15 series iPhone 15 series
Designed for MagSafe
‚úî ‚úî ‚úî ‚úî ‚úî ‚úî ‚úî
Magnetic Strength
1,200 gf 1,200 gf 2,000 gf (+ ESR magnetic case) 1,000 gf Matches paired device 1,500 gf 1,500 gf
Main Feature
Strong magnetic lock 15W Charging with MagSafe 15W Charging with MagSafe Power in a snap Upgrade to MagSafe Strong magnetic lock Strong magnetic lock
Other Feature
Fully adjustable stand CryoBoost fast charging CryoBoost fast charging On-demand kickstand Strong magnetic lock Air Guard corners Air Guard corners & lens stand
Material
Vegan leather, PC, ABS, steel PC, ABS, aluminum alloy PC, ABS, magnets Aluminum alloy, PC, ABS Ferromagnetic steel Acrylic, PC, TPU Acrylic, PC, TPU, zinc alloy"
3,Cell Phones & Accessories > Accessories > Adhesive Card Holders,"ESR Magnetic Wallet (HaloLock), Geo iPhone Wallet Stand with Full Find My Functionality, Compatible with MagSafe Wallet, Wallet Tracker with Adjustable Stand, for iPhone 15/14/13/12 Series, Black",https://m.media-amazon.com/images/I/71bzb+apR4L._AC_SX679_.jpg,ESR,4.6,939,$45.99,"Full Apple Find My: the first wallet designed for MagSafe on the market with full Apple-certified Find My functionality, letting you instantly see its real-time location, Play a Sound, and receive Left Behind notifications
2x Stronger Magnets: enjoy a powerful 1,500-g magnetic lock on your phone, more than double the strength of the official magnetic Wallet, so your most important items always stay secure
All in One Pocket: lightweight design attaches seamlessly to the back of your phone, holds 1‚Äì3 cards equally secure thanks to the dynamic tension spring, and enables instant access to your cards via the small cutout in the bottom
Multi-view Stand: the strong, durable hinge opens out smoothly to create a powerfully stable stand at any angle between 15¬∞ and 170¬∞, portrait or landscape, for the perfect way to FaceTime, watch videos, or browse hands free
Secure Grip: specially designed finger loop on the back gives you a comfortably better grip on the go and quickly folds flat when you're ready to pocket your phone
Complete Customer Support: detailed setup videos and FAQs, comprehensive 12-month warranty, lifetime support, and personalized help",5.51 x 4.13 x 0.67 inches,B0BY8MJG52,2K609,Womens,"March 13, 2023","Geo Magnetic Wallet with Full Find My Functionality, Wallet Tracker with Adjustable Stand",Electronic Silk Road Corp,none,none,#4,none,none,"Product Description
Play Video
Full Find My Full Find My Full Find My
Stronger Magnetic Lock
Snap on. Get on.
Enjoy a magnetic lock on your phone more than double the strength of the official MagSafe Wallet via powerful built-in magnets with 1,500 g of holding force. Go about your day with peace of mind, knowing your most important items are locked on for the ride.
Smart Card Storage
Secured. Simplified
Holds 1-3 cards equally secure thanks to the inner dynamic tension spring.
Smart Card Storage Adjustable 2-Way Stand Secure-Grip Finger Loop
Long Battery Life
Go Longer. Charge Faster.
Long-lasting rechargeable battery reduces waste and goes for 3 months on a 1.5-hr full charge.
Long Battery Life Compatibility Pocket Friendly Reduce Your Footprint
ESR MagSafe on the Go
Geo
Vegan Leather
Vegan Leather
360
Magnetic
Classic
Classic
Product Type
Magnetic Wallet Stand Magnetic Wallet Stand Magnetic Wallet Universal Ring Ring Stand Hybrid Case Hybrid Case + Stash Stand
Compatibility
iPhone 15/14/13/12 Series iPhone 15/14/13/12 Series iPhone 15/14/13/12 Series iPhone 15/14/13/12 Series iPhone 15/14/13/12 Series iPhone 15 series iPhone 15 series
Designed for MagSafe
‚úî ‚úî ‚úî ‚úî ‚úî ‚úî ‚úî
Magnetic Strength
1,500 gf 1,200 gf 1,800 gf Matches paired device 1,200 gf 1,500 gf 1,500 gf
Main Feature
Full Find My functionality Strong magnetic lock Strong magnetic lock Upgrade to MagSafe Adjustable 2-way stand Strong magnetic lock Strong magnetic lock
Other Feature
3-card storage Fully adjustable stand 3-card storage Strong magnetic lock Strong magnetic lock Air Guard corners Air Guard corners & lens stand
Material
Vegan leather, PC, ABS, steel Vegan leather, PC, ABS, steel Vegan leather, steel Ferromagnetic steel Zinc alloy, TPE Acrylic, PC, TPU Acrylic, PC, TPU, zinc alloy"
4,Cell Phones & Accessories > Accessories > Adhesive Card Holders,"ESR Magnetic Wallet (HaloLock), Compatible with MagSafe Wallet, iPhone Wallet with Secure-Grip Finger Loop, for iPhone 15/14/13/12 Series, Not for 13/12 Mini, 3-Card Holder, Vegan Leather, Black",https://m.media-amazon.com/images/I/71kbYIrTEJL._AC_SX679_.jpg,ESR,4.3,"1,108",$15.99,"Stronger Magnetic Lock: powerful built-in magnets provide a 250% stronger magnetic lock than the official magnetic wallet, so your items stay secure and it won‚Äôt come off when taken out of your pocket
All in One Pocket: lightweight design attaches seamlessly to the back of your phone and holds 1‚Äì3 cards equally secure thanks to the dynamic tension spring inside the card holder
Secure Grip: finger loop on the back gives you a comfortably better grip on the go, doubles as a stand so you can enjoy hands-free viewing in landscape, and quickly folds flat when you're ready to pocket your phone
Instant Card Access: get the card you need when you need it without having to detach your wallet by simply inserting your finger into the specially designed bottom cutout
Compatibility: only compatible with iPhone 15, 15 Plus, 15 Pro, 15 Pro Max, 14, 14 Plus, 14 Pro, 14 Pro Max, 13, 13 Pro, 13 Pro Max, 12, 12 Pro, 12 Pro Max, official magnetic cases, and ESR HaloLock cases; not compatible with iPhone 13/12 mini",3.15 x 1.97 x 0.39 inches,B0BX9F19PM,cxzj_wallet_bk,Unisex,"March 3, 2023",Secure-Grip Finger Loop,Electronic Silk Road Corp,none,none,#5,none,none,"Product Description
Play Video
Strong MagSafe Lock
Hold On Tight
Designed for the demands of everyday life, the built-in magnets provide a magnetic lock over 2.5x stronger than the official magnetic wallet. Snap it on and get on with your day, knowing your most important items are always secure.
Smart Card Storage
Safe and Secure
The card holder is roomy enough to let you store up to 3 cards and features a built-in dynamic tension spring so that, whether you‚Äôre carrying just 1 card or all 3, everything stays safely and securely inside.
Secure-Grip Finger Loop
Hold Steady
Loop on the back provides a close, snug fit for any finger to give you a better grip on the go.
Secure-Grip Finger Loop Easy Card Access Pocket Friendly
Safe for Magnetic Cards
In Safe Hands
Your magnetic-stripe cards stay protected from demagnetization thanks to the special lining.
Safe for Magnetic Cards Premium Style Compatibility
Accessories Designed for MagSafe
Vegan Leather
25W 3-in-1
15W
Kickstand
360
Classic
Classic
Product Type
Magnetic Wallet Charger with MagSafe Car Charger with MagSafe Wireless Power Bank Universal Ring Hybrid Case Hybrid Case + Stash Stand
Compatibility
iPhone 15/14/13/12 Series iPhone 15/14/13/12 Series iPhone 15/14/13/12 Series iPhone 15/14/13/12 Series iPhone 15/14/13/12 Series iPhone 15 series iPhone 15 series
Designed for MagSafe
‚úî ‚úî ‚úî ‚úî ‚úî ‚úî ‚úî
Magnetic Strength
1,800 gf 1,200 gf 2,000 gf (+ ESR magnetic case) 1,000 gf Matches paired device 1,500 gf 1,500 gf
Main Feature
Strong magnetic lock 15W Charging with MagSafe 15W Charging with MagSafe Power in a snap Upgrade to MagSafe Strong magnetic lock Strong magnetic lock
Other Feature
3-card storage CryoBoost fast charging CryoBoost fast charging On-demand kickstand Strong magnetic lock Air Guard corners Air Guard corners & lens stand
Material
Vegan leather, steel PC, ABS, aluminum alloy PC, ABS, magnets Aluminum alloy, PC, ABS Ferromagnetic steel Acrylic, PC, TPU Acrylic, PC, TPU, zinc alloy"
5,Cell Phones & Accessories > Accessories > Adhesive Card Holders,"SS Card Holder for Back of Phone, Phone Wallet Stick-on Credit Card Sleeve Pocket Silicone Cell Phone Pouch Compatible for iPhone,Samsung Galaxy and Most SamrtPhones 4 Pack",https://m.media-amazon.com/images/I/61RsSuRd5mL._AC_SX679_.jpg,SS,4.4,"1,827",$5.99,"„ÄêDouble Pocket & Great Storage„ÄëThis phone sleeve with 2 layer, double pocket design, with much more storage than others, you can easily put your credit cards, Debit Cards, Cash etc.
„ÄêUniversal Fitment„Äëthis phone wallet pocket fits almost all smartphones, includeing iPhone X/XS/XS Max/XR /8 /8 Plus /7 /7 Plus /6 /6 Plus, Samsung Galaxy S6/S5/S4/S3, Galaxy Note 5/4/3/2/ 1,ect.
„ÄêStrong Adhesive„ÄëSticker makes the card holder strong enough on any smooth surface, such as normal glasses, smooth cell phone cases, leather phone case. ****Please note: Oil-resistant mobile phone cases and original phone glass back are not suitable for this product, such as: * Liquid Silicone Gel Rubber Case*
„ÄêMulti Use„ÄëIt can not only be attached to back of phone, it can stick on every smooth surface place. Add a extra pocket in car, computer or on the fridge and have more storage space.
„ÄêEasy Use, Easy Carry„ÄëJust peel off the cover of the phone wallet, stick on back of phone, and finish by softly pressing. With it you can carry only one phone out of door but with your card, cash, ear phone all your needs.",15.99 x 8.99 x 1 inches,B08H5697N8,BMH-CPW-2LAYER,none,"September 8, 2020",Travel,SS,China,none,#6,none,none,"Product Description
Play Video
Double Pockets Phone Case Compatible Universal
More Phone Card Holders to Consider
Phone Card Holder
Phone Card Holder
Phone Card Holder
Magnetic Wallet
Magnetic Wallet
Phone Card Holder
Phone Card Holder
Item Quantity
4 PCS 6 PCS 6 PCS 1 PC 1 PC 3 PCS 3 PCS
Material
Silicone Silicone Silicone Leather Leather Fabric Fabric
Compatibility
All smartphones All smartphones All smartphones for iPhone 14/13/12 series for iPhone 14/13/12 series All smartphones All smartphones
Stick Back of Phone
Adhesive Adhesive Adhesive Magnetic Magnetic Adhesive Adhesive
Phone Wallet Stand
‚úò ‚úò ‚úò ‚úî ‚úî ‚úò ‚úò"
6,Cell Phones & Accessories > Accessories > Adhesive Card Holders,"Sinjimoru Secure Card Holder for Back of Phone, Stretchy Fabric Cell Phone Wallet Stick On Credit Card Case for iPhone & Android. Sinji Pouch Flap Black",https://m.media-amazon.com/images/I/61VKXt3xI8L._AC_SX679_.jpg,Sinjimoru,4.5,"6,318",$7.64,"HIGH QUALITY CREDIT CARD WALLET FOR BACK OF PHONE: Sinji Pouch Flap is a sticky card holder for cellphone that securely stores cards, money, and small gadgets, the convenience of phone accessories!
SECURE ADHESIVE PHONE WALLET: The Flap function prevents direct exposure of private information and is designed to provide optimal security of credit cards, ID cards, and driver licenses.
SLIM WALLET STICK ON: A stick on wallet you simply attach to the back of your iPhone X case, Android, or smartphone and transform it to a phone holder wallet or ID card case sleeve.
HIGHLY COMPATIBLE ID CARD SLOT: Apply the phone pocket on mobile phones with a flat back like the iPhone 12 13 14 15 series, Android, & smart phones (Read below description for cell phone compatibility).",2.2 x 0.12 x 3.58 inches,B06XVNBNFC,SPH_FLAP (Black),none,"March 27, 2017",Card Slot,Sinjimoru Co.Ltd,none,none,#7,none,none,"Product Description
Strengthened Card Protection
Sinji Pouch Flap has added a flap to prevent loss and damage to your cards and protect personal information on credit cards or identification cards.
12 Colorful Options
Choose one of the 12 different colors of Sinji Pouch Flap according to your own taste.
Convenience
You can easily tag your cards with Sinji Pouch Flap without having to take them out of your wallet.
Take a look Take a look Take a look Take a look Take a look Take a look
Product Name Sinji Pouch Flap M-Flap Sinji Mount Flap Sinji Pouch B-Grip Sinji Mount B-Grip M-Plate
Compatible model All smartphones iPhone 12/13/14/15 series All smartphones All smartphones All smartphones All smartphones
What's special Secure Phone Wallet Secure Magsafe Wallet Detachable Secure Phone Wallet 3 in 1 Phone Wallet Detachable 3 in 1 Phone Wallet MagSafe Magnet Sticker
Material Nylon Magnet & Nylon Plastic & Nylon Silicone Plastic & Silicone Magnet & Plastic
Color Options 12 Color Options 5 Color Options 5 Color Options 5 color options 5 Color Options 2 Color Options"
7,Cell Phones & Accessories > Accessories > Adhesive Card Holders,LIFESTYLE DESIGNS The StickyWallet ‚Äì Premium Spandex Stick-on Phone Wallet Card Holder for any Case ‚Äì Unique Double Pocket Design + Finger Strap (1 Pack),https://m.media-amazon.com/images/I/41A9LoEqnUL._AC_.jpg,LIFESTYLEDESIGNS,4.4,"4,512",$14.99,"WHY CHOOSE US? ‚Äì Hey guys, Parker & Riley here. We are a team of travel YouTubers, and we designed our spandex sticky wallet custom to our exact specifications, in our Kirkland, WA labs. We‚Äôve been living no-wallet life for over a year now, and we‚Äôre excited for you to try it out! (Available in 1 or 2 Pack)
DOUBLE POCKET IS THE BEST ‚Äì Holds up to 5 cards comfortably, plus a hidden cash pocket in the front. Slim Comfort, Strong Elasticity. Built with HD elastic fabric that doesn‚Äôt lose its elasticity. Includes a secret metal plate inside, so it mounts onto your magnetic car mount!
UNIQUE FINGER STRAP ‚Äì You‚Äôll love our added finger strap. Allows you to hold your phone more securely. It feels amazing!
JOIN THE REVOLUTION ‚Äì We only design products that we want ourselves, and this is the best stick on card holder out there.
STICKS ON ANY SMOOTH, FLAT-BACK PHONE CASE: **Note: Does NOT stick to SILICONE or TEXTURED cases** ‚Äì How to: Just Peel off the 3M Sticker, and Stick it on the back of your phone case! It's so strong it won't peel off. Any size iPhone, Samsung Galaxy or Android Smartphone ‚Äì Such as iPhone 15, 15 Pro Max iPhone 14, 14 Pro Max, iPhone 13, 13 Pro/Max, 13 Mini, iPhone 12 - Pro - Pro Max - XS Max - XS - XR - X - 8 - 8 Plus - 7 - 7Plus - 6 - 6+ - 5 - Windows Phone, One+, Oppo, Xiaomi, Note 9, Galaxy S9, S10 Etc.",2.35 x 3.6 x 0.25 inches,B07GPF27LL,4351507796,Unisex-adult,none,none,No,China,none,#8,none,none,"Product Description
Play Video
Dual Pocket
Design
Store up to 5 cards in the back pocket, and the front pocket discreetly holds up to 10 bills.
Dual Pocket Design Finger Strap Mounts to Magnets Slim & Secure
Why is my card not sliding in?
Does it work with wireless charging?
Can I peel it off and re-stick it onto another case?
Can I stick it directly onto my phone?
Will it damage my case/phone if I peel it off?"
8,Cell Phones & Accessories > Accessories > Adhesive Card Holders,"3Pack Cell Phone Card Holder for Back of Phone,Stretchy Lycra Stick on Wallet Pocket Credit Card ID Case Pouch Sleeve Self Adhesive Sticker for iPhone Samsung Galaxy Android-Dark Green&Blue Gray&Black",https://m.media-amazon.com/images/I/61gtzTinWkL._AC_SX679_.jpg,Fulgamo,4.5,"3,648",$7.99,"Highly elastic&Put more-This cell phone card holder is made of stretchy Lycra fabric with self adhesive sticker,which holds the content of the pocket from falling,even when the phone pocket is upside down.Touch much soft than silicone and leather card holder.Suitable for back of phone or phone case.The pocket is suitable for credit cards or ID cards.Small but very handy&functional for mobile phone.
Strong adhesive-This stick on wallet is applied with adhesive tape backing for a strong,firm,long-lasting effect,provides a strong attachment to the surface of your phone.No worry that the card or money may loose.
Tight and protective-This phone wallet can firmly hold up to 8 cards & earphones & cash and never let go. The special hat design helps to protect your cards and money from missing or being stolen.Over 8 cards or more the holder need one night to restore.
Fashion and convenient-The design is unique brings you fashion feeling.You may put some money,earphone,key,even gum in this card holder.And no more wallet needed when you out.Just take a phone with this card holder.Especially during exercise,go travelling,in the gym,running,doing sport.Indeed a handy&practical small phone wallet for your beloved phone. The color dark green(teal)/blue gray/black also meet all requirement of whole family.
Compatible with-iPhone 7/7 Plus/8/8 Plus/X/6/6 Plus/5/5s/5c/4/4s,Google Pixel,Samsung Galaxy S9/S8/S8+/S9+/S7/S6/S5/S4/ S3/S2,Galaxy Note 9/8/5/4/3/2/1,Galaxy A8/A6,LG G6/G5/G6/G5/G4/G3/G2/X/Optimus series,Nexus 6/5/4,HTC M8/EVO/Desire/Sense,iPod Touch, Sony Xperia,HUAWEI P9 Lite,ZET,coolpad and much more! Works with nearly ANY phone case including: Spigen,Ringke,Otterbox,Lifeproof, CaseMate,Belkin,Speck,Apple and more.(PS:for anti-fingerprint glass back phone please apply on a phone case)",6.14 x 3.39 x 0.39 inches,B0824JJT3F,E-0111,none,"December 9, 2019",none,Fulgamo,none,none,#9,none,none,"Product Description
Dark Green&Blue Gray
Steady Product Quality
--The feature of this card holder is the special hat design helps to protect your cards and money from missing or being stolen. Also the product provides you multiple usages of the hat/flap.You can choose to put on the hat/flap by half or full or not to use the hat.
--The color dark green(teal)/blue gray/black can suit almost all occasions.Special and decent. You can also share the rest with your family or friends.
--What we applied on the back of the card holder is 3M adhesive sticker which provides a strong attachment to the surface of your phone.
--What you get from this order?--3pack of phone card holder with color green/blue grey/black packaged in our Fulgamo logo printed package.Decent as gift to your friends or colleagues.
Black
Sincerity service from Fulgamo
--The material is highly stretchy spandex lycra. The flexibility of the material will decide the life span of the card holder and how it looks after usage of serverial months. We select high quality material from almost ten cloth suppliers and finally decide the present material,which is completly different with others.
--We select every product before sending out to make it in the perfect status.Including the appearance,adhesive of the sticker,material of the card holder ,the package. What you finally get is clean and decent product with 100% quality.
--Before sending out to the market,all members in our team will test the product and improve it until the function can meet your requirement. And we will try our best to do it better in the future.
Stretchy&Protection
Our cell phone card holder is made of stretchy Lycra fabric with self adhesive sticker,which holds the content of the pocket from falling,even when the phone pocket is upside down.
More stuff in the card holder
phone wallet can firmly hold up to 8 cards & earphones & cash and never let go. The special hat design helps to protect your cards and money from missing or being stolen
Multiple usges&More convenience
Our card holder offer multiple usages and the design is unique brings you fashion feeling.You may put some money,earphone,key,even gum in this card holder.And no more wallet needed when you out.Just take a phone with this card holder.Especially during exercise,go travelling,in the gym,running,doing sport.
2Pack Black Adhesive Phone Pocket,Cell Phone Stick On Card Wallet Sleeve 3Pack Cell Phone Card Holder for Back of Phone,Stretchy Lycra Stick on Wallet 3Pack Adhesive Phone Pocket,Cell Phone Stick On Card Wallet 2Pack Marble Adhesive Phone Pocket,Cell Phone Stick On Card Wallet Sleeve 3Pack Cell Phone Card Holder Pocket for Back of Phone 2Pack PU Leather Adhesive Phone Pocket,Cell Phone Stick On Card Wallet Sleeve
Color Pure Black Dark Green&Blue Gray&Black Pure Black Marble NavyBlue &Black Purple Marble
Material Spandex Lycra Spandex Lycra Spandex Lycra Printed Spandex Lycra Spandex Lycra PU Leather"
9,Cell Phones & Accessories > Accessories > Adhesive Card Holders,Premium Leather Phone Card Holder - Stick On Wallet for iPhone and Android Smartphones - Minimalist Style with Non-Slip Lining Secures Up to 3 Cards Kangaroo (Black Leather) by Wallaroo,https://m.media-amazon.com/images/I/81YVne1hw8L._AC_SX569_.jpg,WallarooWallets,4.6,"6,630",$12.21,"TURN YOUR SMARTPHONE INTO A SMARTWALLET: Replace stuffed wallets or purses with this slim leather phone wallet that‚Äôs only 0.2 inches thick and secures essentials like ID, cash, and up to 3 credit cards
PREMIUM QUALITY: Imitation leather or cheap silicone doesn‚Äôt look great on your expensive smartphone; 100% genuine leather, luxurious colors, and premium materials likely to outlast your iPhone do
STRENGTH AND STYLE: Measuring 3.63 by 2.5 inches, this wallet phone case attaches to your cellphone with super strong 3M adhesive that‚Äôs immune to pocket heat, light moisture, and sweat
PROTECTS CASH AND CARDS LIKE A WALLAROO PROTECTS HER JOEY: This leather phone card holder is mighty in strength and security with a non-slip interior lining that grips valuables for your peace of mind
FITS SMARTPHONES AND CASES WITH A WIDTH OF 2.5 INCHES: iPhone 13, Pro, Pro Max, Mini, iPhone 12, 12 Pro, Pro Max; 12 Mini, 11, 11 Pro and Pro Max; XR, XS, X, and 8; Samsung Galaxy S10, S9, S8, S7, and Galaxy Note 10, 9, 8, 7; Google Pixel 4, 4XL, 3, 3XL 2, 2XL, LG, HTC, and Sony Xperia; Also popular phone cases: Spigen, Otterbox, Lifeproof, Belkin, Speck, and of course Apple - Sorry, iPhone 5 or SE we don‚Äôt fit ya mate",3.63 x 2.5 x 0.2 inches,B01LYPPPUU,4351690584,none,"October 3, 2016","100% Genuine, High Quality Leather, Tight Grip on your Cards, Sturdy 3M Adhesive",Wallaroo,none,none,#10,none,none,"Product Description
Play Video
Classic Thoughtful Minimalist
Will it work with a phone case?
How many cards does it hold?
What are the dimensions of the phone card holder?
What phones does it fit on?
Can I wireless charge my phone with it?
Ready to Use Within Seconds

The journey from unboxing to using this premium leather phone wallet is quick & easy. Watch this short video to see how to properly attach this card holder to your phone.
Play Video
Find the Right Wallet for Your Phone
Wallaroo Stick-On Wallet
MagSafe Wallet For Phones
Slim Design Card Holder
For Any 2.5"" Wide Phone
Not Compatible with Wireless Charging
For MagSafe Phones & Cases
Removable for Wireless Charging
Front and Back Design
Holds 1-6 Cards and Cash
Leather Finish
15 Colors Available
Leather Finish
5 Colors Available
Leather Finish
2 Colors Available"
10,Cell Phones & Accessories > Accessories > Adhesive Card Holders,"ExtreLife Upgraded Magnetic Wallet, Magsafe Wallet for Apple iPhone 15/14/13/12 Series, Leather Wallet for Magsafe, Magnetic Phone Wallet for iPhone 15/14/13/12 Series, Hold 7 Cards, Black-2",https://m.media-amazon.com/images/I/91Sg-qKn2CL._AC_SX466_.jpg,ExtreLife,4.4,596,$21.99,"üíï„ÄêMax 7 Cards Storage„ÄëDesigned with both style and function in mind, the MagSafe wallet is slimmer than any other magnetic wallet but has large capacity to hold 7+ cards or some cash for you to feel good while taking your cards without any additional bulk. The iPhone magnetic wallet with MagSafe is the perfect way to keep your ID and credit cards close at hand. It‚Äôs also very easy to take out the cards from the empty slot of the MagSafe wallet. Easy to carry and no burden feeling.
üíï„ÄêSuper Strong Magnetic Force„ÄëOur apple magsafe wallet features strong built-in magnets and the magnetic force is up to 3500Gs, 20% stronger than official magnetic card holder wallet allow it to effortlessly snap into place on the back of your iPhone, no worry about the cards and cash falling off. You can even stack it on top of a clear or silicone case with MagSafe to create a look that‚Äôs unique to you. 
‚ù§„ÄêDesigned for MagSafe„ÄëMagnetic card holder wallet for MagSafe is compatible with Apple iPhone 15/14/13/12 series with no case or with MagSafe-compatible cases. MagSafe wallet for iPhone 15/15 Plus/15 Pro/15 Pro Max, MagSafe wallet for Apple iPhone 14/14 Plus/14 Pro/14 Pro Max, Magnetic Wallet for iPhone 13 Pro Max/13 Pro/13/13 Mini, Magsafe wallet for iPhone 12/12 Pro/12 Max/12 Mini. It will fit in your pocket perfectly without bulging out. NOTE: Non-magnetic cases are not compatible.
üíï„ÄêSafety, Privacy and Security„Äë Magnetic phone wallet is equipped with advanced RDIF blocking technology, engineered specifically to block 13.56 MHz or higher RFID signals and protect the valuable information stored on RFID chips from unauthorized scans. Keep your identity and properties protected while you are traveling, shopping or exploring.
üíï„ÄêPremium Leather Stylish„Äë This iPhone MagSafe wallet is made of durable high-quality vegan leather material that made to last. The hand-stitched finish increases its durability. Not only has good wear resistance but also offers a luxurious look and premium feel. Dimensions: 3.85"" x 2.55"" x 0.15"".
üíï„ÄêWhat You Get„Äë1x MagSafe Leather Wallet. We also provide 12-month worry-free full refund or free replacement. Please don‚Äôt hesitate to contact with us if you encounter any problem, our friendly customer service will reply you within 24 hours and offer you a satisfactory solution. Take no risk and buy with confidence!",3.78 x 2.6 x 0.25 inches,B0BYTXHG2T,None,none,none,none,ExtreLife,China,none,#11,400+,none,"Product Description
ExtreLife MagSafe Wallet for iPhone 15/15 Pro/15 Plus/15 Pro Max/14/14 Pro/14 Plus/14 Pro Max/13/13 Mini /13 Pro/13 Pro Max /12/12 Pro/12 Pro Max
Fashion and Convenient
The design of the Magsafe Wallet is unique bringing you fashion feeling.You may carry your money,credit cards, ID cards,key by this Magnetic wallet card holder. And no more bulky wallet needed when you out. Just take a phone with this MagSafe card holder. Especially during exercise,go travelling,in the gym,running,doing sport. Indeed a handy&practical small phone wallet for your beloved phone. The color black, blue, brown and gray also meet all requirement of whole family.
Unisex; Favored by Men & Women
The Magnetic Card Holder Wallet for Magsafe combines stylish designs made for men and women with lightweight and sturdy functionality. Given their sleek design & smooth leather construction, these Magsafe wallet for Apple iPhone are popular slim wallets for women & men. They make great gift ideas for your friends and families.
Premium Vegan Leather
ExtreLife magnetic card holder wallet with MagSafe is used superior vegan leather and stretchy fabric masterfully sewed with durable and dense stitches under strict quality management to ensure it will last you for years to come.
Elastic Design
This MagSafe wallet is made of stretchy elastic, keeps cards, ID, cash, and more safe and secure‚Äîno cards sliding out, even when the pocket is upside down. Touch much soft than other card holder.
Large Capacity
The iPhone magsafe wallet with two layer elastic design. You can take carry 7 slots and some cashes, spacious enough to meet your everyday needs! It is ideal for carrying business cards, credit and debit cards, bills etc.
Take the Cards Out Easily
Slide your thumb in the opening to quickly take out your most commonly used ID or Credit cards without flashing money all the time.
Strong Magnetic Force
The magnetic force of Extralife magnetic wallet is up to 3500 Gauss, 5X stronger than the official magnetic wallet. Never worry about losing your cards and cash.
Slim and Lightweight
The iPhone magsafe wallet is just 0.15inch thick, adds no bulk to your smartphone, carry only what you need but leave your bulky wallet behind when going out.
RFID Blocking
This iPhone magsafe wallet is made with advanced RFID blocking technology to provide you with extra level of protection from identity theft. It‚Äôs especially useful for people on the go or travel a lot.
Pocket Friendly
You will not feel uncomfortable putting it in your trouser pocket or front pocket, because it is really thin and light. You can put it in your trouser pocket and take it out easily.
Magsafe Compatible
Designed for iPhone 15/15 Pro/15 Plus/15 Pro Max/14 Pro Max/14 Plus/14 Pro/14, iPhone 13 Pro Max/13 Pro/13/, for iPhone 12/12 Pro/12 Max/. Note: card holder for Magsafe is only compatible with iPhone 15/14/13/12 series without case, or with Mag-Safe case (NOT compatible with iPhone 12/13Mini)
ExtreLife Magnetic Leather Wallet with MagSafe for iPhone 14 13 12 series is perfect for people who only want to keep the essentials on hand.
Magsafe Wallet Magnetic Wallet Magnetic Phone Wallet Magnetic Wallet with Grip Magnetic Card Holder Wallet Apple Magsafe Wallet
Strong Magnet ‚úì‚úì‚úì‚úì‚úì ‚úì‚úì‚úì‚úì‚úì ‚úì‚úì‚úì‚úì‚úì ‚úì‚úì‚úì‚úì‚úì ‚úì‚úì‚úì‚úì‚úì ‚úì‚úì‚úì‚úì‚úì
Capacity 6-7 Cards 6-7 Cards 6-7 Cards 6-7 Cards 6-7 Cards 6-7 Cards
Compatible Phone Model iPhone 15/14/13/12 Series iPhone 15/14/13/12 Series iPhone 15/14/13/12 Series iPhone 15/14/13/12 Series iPhone 15/14/13/12 Series iPhone 14/13/12 Series
Compatible with Magnetic Case ‚úì ‚úì ‚úì ‚úì ‚úì ‚úì
Use as a phone stand X X X ‚úì X X
Material PU leather+Elastic PU leather+Elastic PU leather+Elastic PU leather+Elastic+Grip PU leather+Elastic+Keychain PU leather+Elastic+Keychain
Elastic Double Layer Double Layer Double Layer Double Layer Double Layer Double Layer
Handmade ‚úì ‚úì ‚úì ‚úì ‚úì ‚úì"
11,Cell Phones & Accessories > Accessories > Adhesive Card Holders,"VANDEL Pocket ‚Äì Stick-On Fabric Phone Wallet Stick On for Women, Cute Credit Card Holder for Phone Case, Stick On Back of Phone Fabric Sleeve for iPhone Pocket",https://m.media-amazon.com/images/I/71Y8HquplfL._AC_SX679_.jpg,VANDEL,4.5,"1,976",$13.99,"Stretchy Fabrics: Unlike a rubber phone wallet, Vandel Phone Pockets are made of stretchy Spandex material that can expand to tightly hold items of various shapes and sizes, including credit cards, business cards, any student ID, money (cash)
Super Convenient: No more heavy phone wallet! Vandel Pockets are slim and light to fit comfortably in your pocket or purse. This cell phone card holder stick on is the perfect iPhone wallet stick on for school, work, gym, or travel
Cards Won‚Äôt Fall Out: Shaped with rounded edges, Vandel Pockets are the perfect cellphone phone wallet stick on for the back of your smartphone. By using stretchy fabric instead of silicone, you get a much more secure and cool phone wallet
Great Gift for Women and Girls: This credit card holder for phone case wallet sticker makes the perfect Mother‚Äôs Day, Graduation Gift, Christmas Gift, or Stocking Stuffer. This stick on wallet for phone case is the best gift for girls!
Fits All Phones: Compatible with iPhone 15 Pro Max, iPhone 14 Pro Max, iPhone 13 Pro Max, iPhone 12 Pro Max, 11 Pro Max, XS, XR, Samsung Galaxy S22, Ultra, Galaxy S21, S20, S10+, S9, S9 plus, S8, S6, Galaxy Note, LG, Google Pixel",0.25 x 3 x 4 inches,B085HJD9RM,Vandel Pocket,Womens,"May 30, 2017","Card won't fall out, The perfect gift, Super stylish, Fits all phones, Stretchy fabric",Vandel,none,none,#12,none,none,"Product Description
Fashion For Your Phone!
Holds up to 6 Cards
Our stretchy fabric card wallet securely holds your cards, so you don‚Äôt have to worry about losing them.
Cards Won‚Äôt Fall Out
Our unique shape phone pocket is specially designed to make holding and accessing your cards as easy as possible. You can keep your ID and cash.
Sticks Directly to Your Phone or Case
Our strong adhesive sticks firmly to your phone, with or without a case. When you‚Äôre ready to take it off, the iphone money holder removes without leaving any sticky residue.
Stretchy Fabric
We use the strongest Spandex fabric available. Unlike rubber pockets that only hold 1-2 cards, sticky wallet Vandal pockets are stretchy to hold much more, while still allowing easy access to all of your cards.
Super Convenient
Our cute card holders and stick on wallets are slim and lightweight so you can easily put your phone in your pocket, bag, or purse. The pocket card holder wallet sleeve stays flat on the back of your phone.
Function Meets Fashion
Convenience never looked so good! We have many cute styles so your phone wallet can match your unique personality.
Compatible with ALL PHONES!
Including:
Apple ‚Äì ALL iPhones and iPads, including: iPhone 14, iPhone 15 Pro iPhone 14, iPhone 14 Pro, iPhone 14 Pro Max, iPhone 14 Plus, iPhone 13, iPhone 13 Pro, iPhone 13 Pro Max, iPhone 13 mini, iPhone 12 Pro Max, 12 Pro, 12, 12 Mini, iPhone SE, 11 Pro Max, 11 Pro, 11, XS Max, XS, XR, X, 8 Plus, 8, 7 Plus, 7, 6s Plus, 6s, 6 Plus, 6, 5s, 5c, 5, 4S, 4, 3GS, 3G, iPad Pro 12.9-inch, iPad Pro 11-inch, iPad Air, iPad mini, all iPod models
Samsung ‚Äì ALL Samsung Phones and Tablets, including: Galaxy S23+, Galaxy S23, Galaxy S23 Ultra, Galaxy S22 Ultra, S22+, S22, Galaxy Z Fold, Galaxy Z Flip, Galaxy S21 Ultra, S21+, S21, S20 Ultra, S20+, S20, S10, S10e, S10+, S10 Lite, S9+, S9, S8+, S8, S7 edge, S7, S6 edge, S6, Galaxy Note 20 Ultra, Note 20, Note 10+, Note 10, Note 9, Note 8, Note 7, Note 6, Note 6, Note Edge, Galaxy A90, A80, A72, A71, A70, A53, A52, A51, A42, A41, A40, A32, A21, A20, A13, A12, A10e, A03s A02s, M51, M40, M31, M30, M21, M20, M12, M10, Galaxy Flip 3, Flip 5g, Z Flip, Z Fold 3, Z Fold 2, Z Fold 1, XCover Pro, XCover FieldPro, ALL older models, Galaxy Tab S9, S9 Ultra S8+, Galaxy Tab S7+, Galaxy Tab S7, Galaxy Tab A7 Lite
Google ‚Äì ALL Google phones, including: Pixel 7 Pro, Pixel 7, Pixel 6 Pro, 6, 5, 4, 4a, 3, 2, 1
LG ‚Äì ALL LG phones, including: K51, Stylo 6, Velvet 5G, Aristo 5, Wing 5G, Phoenix 5, V60 ThinQ, ThinQ Dual Screen, Neon Plus, GX ThinkQ
OnePlus ‚Äì ALL OnePlus phones, including: Oneplus 11, 10T 5G, 10 Pro, 9 Pro 5g, 9 5G, 8 5G, 8T+, Nord N30, Nord N10, Nord N100, Nord N200, OnePlus 8, OnePlus 8T+, OnePlus 7T, OnePlus 7
Motorola ‚Äì ALL Motorola phones, including: g play, G Stylus, One 5G ace, One 5G, Moto g play, Razr 5G, g pure, g power, edge, edge+
HTC ‚Äì ALL HTC phones, including: HTC U23 Pro, HTC U12, HTC U11 Life, HTC U11, HTC One M9, HTC One M8, HTC One Remix, HTC One M7, HTC One Max
Kyocera ‚Äì ALL Kyocera phones, including: Duraforce Pro, DuraXE Epic, DuraXE Epic (Non-Camera), DuraSport 5G, DuraForce Ultra 5G
Sonim ‚Äì ALL Sonim phones, including: XP8, XP5s, XP3plus
Nokia ‚Äì ALL Nokia phones, including: X100 5G, 2 V Tella, 8 V 5G UW
AT&T ‚Äì ALL AT&T phones, including: Fusion 5G, Calypso, Cingular Flip IV
Alcatel ‚Äì ALL Alcatel phones, including: Axel, GO FLIP 4, JOY TAB 2
TCL ‚Äì ALL TCL phones, including: 30 XE 5G, 30 V 5G, 10 5G, TAB 8, TAB Pro 5G, TAB FAMILY EDITION
T-Mobile ‚Äì ALL T-Mobile phones, including: REVVL V+ 5G
Cat ‚Äì ALL Cat phones, including: S62, S22 Flip
Orbic ‚Äì ALL Orbic phones, including: Myra 5G, Tab8 5G
Palm ‚Äì ALL Palm phones, including: Palm Compact Phone"
12,Cell Phones & Accessories > Accessories > Adhesive Card Holders,"Sinjimoru Basic Cell Phone Wallet Stick on, Card Holder for Back of Functioning as Adhesive iPhone & Holder. Sinji Pouch 2 Black",https://m.media-amazon.com/images/I/61FYO3yjwXL._AC_SX679_.jpg,Sinjimoru,4.3,"10,928",$7.99,"SECURE CREDIT CARD HOLDER FOR PHONE: Phone pocket wallet that holds 3-5 ID card, license card, credit cards, money, bills, security card key, and other small gadgets.
ADHESIVE STICK ON WALLET FOR PHONE: Conveniently attach the phone pouch on your smartphone by using built-in 3M adhesive tape. Transform your normal phone into the cell phone wallet.
ULTRA SLIM TRAVEL WALLET: This sticky thin wallet comes in various colors. Become more independent with the convenient card holder for phone case, the perfect innovative cell phone accessories for tablet, smart phone or electronic device.
STICKY PHONE WALLETS COMPATIBILITY: Apply the phone credit card holders on your phone with a flat surface. Easy application on your iPhone 5 to iPhone 12 13 14 15 Series, Galaxy, and all smartphones.
PACKAGE & WARRANTY: Sinji Pouch Basic 2 x1. Sinjimoru offers 90 days warranty for all of our products. Please feel free to contact us :)",0.63 x 0.47 x 0.63 inches,B00HY3HSZQ,SJ-24,none,"January 20, 2014","Flexible, RFID Blocking, Card Slot",Sinjimoru,"Korea, Republic of",none,#13,none,none,"Product Description
Self-adhesive Cell Phone Wallet
Designed with the optimal thickness and elasticity to keep your cards safe in place. Your cards do not fall out unless you take them out.
14 Diverse Colors
Sinji Pouch Basic is available in 14 different colors, so it will be easy to find the right one for you.
Use with RFID Cards
Card recognition errors due to electromagnetic waves can be prevented by using an electromagnetic wave absorption card.
Take a look Take a look Take a look Take a look Take a look Take a look
Product Name Sinji Pouch Basic 2 M-Flap M-BGrip M-Plate M-Mini Tok Sinji Mount B-Grip
Compatible model All smartphones iPhone 12/13/14/15 series iPhone 12/13/14/15 series All smartphones iPhone 12/13/14/15 series All smartphones
What's special Basic Phone Wallet Secure Magsafe Wallet 3 in 1 MagSafe Wallet MagSafe Magnet Sticker MagSafe Phone Grip Stand Detachable 3 in 1 Phone Wallet
Material Nylon Magnet & Nylon Magnet & Nylon Magnet & Plastic Magnet & Silicone Plastic & Silicone
Color Options 12 Color Options 5 color options 5 Color Options 2 Color Options 5 Color Options 5 Color Options"
13,Cell Phones & Accessories > Accessories > Adhesive Card Holders,"New-Upgrade Magnetic Card Wallet Holder for Apple Magsafe, Magnetic Magsafe Leather Wallet for iPhone 15/14/13/12 Magsafe, Mag-Safe Wallet for iPhone 15/15 Pro/14/13/12 Series, Fits 7 Cards, Grey",https://m.media-amazon.com/images/I/81JPY2EHM4L._AC_SX679_.jpg,HiWe,4.4,248,$17.99,"„ÄêQuick Access 7+ Cards„Äë: MagSafe wallet turns your iPhone into a slim wallet with room for 7+ cards or some cash. This magnetic card wallet holder suitable for Apple MagSafe is the ideal size to hold your ID and credit cards to keep them close at hand. A thumb slot ensures easy to access any of the cards stored there. So easy to access any of your cards when you are ready to pay for purchases.
„ÄêStrongest Magnet„Äë: The strong built-in magnet of the HiWe iPhone leather wallet with MagSafe is up to 3500Gs, 20% stronger than the official magnetic leather wallet, which allows it to effortlessly snap into place on the back of your iPhone. The iPhone 13 Mag-Safe wallet has a very comfortable, ergonomic grip to fit every size hand. I have never had the magnetic credit card holder wallet unexpectedly fall off, no matter how hard I shake it.
„ÄêMagSafe Compatible„Äë: MagSafe wallets will attach to a ‚Äúnaked‚Äù iPhone12/ iPhone13/ iPhone14/ iPhone15 series (no case) or iPhone12 /13/ 14 / 15 with a MagSafe compatible case. MagSafe card holder wallet for iPhone 15/ iPhone 15 Pro/ iPhone 15 Pro Max/ iPhone 15 Plus; for iPhone 14/14 Pro/14 Max/14 Pro Max; Magnetic Card Wallet Holder with MagSafe for iPhone 13 Pro Max/13 Pro/13/13 Mini, MagSafe card holder for iPhone 12/12 Pro/12 Max/12 Mini. You can even stack HiWe magnetic card wallet holder on top of the case with MagSafe to create a look that‚Äôs unique to you.
„ÄêRFID / NFC Blocking„Äë: Magsafe wallet card holder can hold up to seven cards and is shielded to keep your credit cards safe from unauthorized scanners and provides degauss protection for your cards to prevent demagnetization. Ensure your identity and properties safe when you are shopping, traveling, or working outside.
„ÄêPremium Vegan Leather &Lightweight„Äë: This Apple iPhone leather wallet with MagSafe is made of high-quality PU leather material for a timeless, refined aesthetic. Precision craftsmanship ensures that the iPhone 14 MagSafe wallet will not be easily deformed or opened. The slim, sleek, and palm-sized magnetic MagSafe wallet for iPhone 13 is designed for light carry and doesn't add any unnecessary bulk to your phone.
„ÄêFunctional & Keychain Include„Äë: The iPhone 12 MagSafe leather Wallet combines stylish designs made for men and women with lightweight and sturdy functionality. Our tight-knit elastic keeps cards, ID, cash, and more safe and secure‚Äîno cards sliding out. The magnetic phone card holder with iPhone mag-safe can attach to a keychain or lanyard and is small enough to fit discreetly in a front pocket, making it perfect for travel, outdoor adventures, and everyday use!
„Äê24H Customer Service„Äë: If you are unsatisfied for any reason, please contact us at any time, and we will serve you within 24 hours. Inner of MagSafe wallet: One Card Slot with an elastic fabric band",4.88 x 3.31 x 0.71 inches,B0BM9HJ4R6,None,Unisex,"November 14, 2022","Card Slot, Wallet, Large Capacity, Slim Fit, RFID Blocking Protection, Shock-Absorbent, Magnetic Wallet for Apple Magsafe, Lightweight, Smart Wallet, Ultra-Thin & Easily Access, Premium Leather, Magnetic, Ultra Strong Magnets, MagSafe Compatible",HiWe,none,none,#14,none,none,"Product Description
HiWe MagSafe Wallet magnetic phone card holder compatible with iPhone 14/ 14 Pro/ 14 Max/ 14 Pro Max/ iPhone 13/13 Mini / 13 Pro / 13 Pro Max / 12/12 Mini / 12 Pro / 12 Pro Max
Ease of Card Access
Just push the card out where you can easily access any of the cards stored in there. So easy to access any of your cards when you are ready to pay for purchases.
Magnet Ctrength
HiWe MagSafe magnetic wallet card holder with sufficient magnet strength to adhere securely to the back of any iPhone 12 or 13 or 14.
Card and Cash Capacity
The MagSafe wallet magnetic card holder for iphone 13 has the best card capacity with a total of up to 6 cards.
No More Than A Phone Card Holder
This magnetic card holder is suitable for Apple MagSafe compatible with iPhone 14/ 13/ 12 series, but also it can be use a daily wallet, which can holds credit/business cards or little bills in the slot.
Premium Quality
The leather wallet with MagSafe (for iPhone) is made with vegan leather with 4 bright colors that will never get boring.
Minimalist's Dream
Our magnetic magsafe Leather Wallet is perfect for people who only want to keep the essentials on hand.
Elastic Fabric Band
Leather and elastic band combined design give some stylish edge on just about the HiWe MagSafe wallet out there.
Precision Stiching
Magnetic card wallet holder with MagSafe for iPhone is designed with both style and function in mind.
Keychain Include
The unique, slim design can attach to a keychain or lanyard. You can use the MagSafe leather wallet alone as a small wallet.
RFID / NFC Blocking
Magnetic wallet compatible with MagSafe leather wallet is shielded to keep your credit cards safe from unauthorized scanners.
Waterproof
The leather wallet for MagSafe wallet is waterproof and protects your card or cash from dirty and wet.
Slim & Lightweight
The slim magnetic card holder wallet ensures your phone is easy to slide in and out of your pockets.
Strong Magnet
The magnet is strong enough that it feels safe to use the iPhone 12 pro iPhone 14 Pro magnetic leather wallet card holder.
Compatibility
Stack iPhone 13 iPhone 12 magnetic card holder wallet stand on top of a case with MagSafe to create a look that‚Äôs unique to you.
Never Fall Off
Effortlessly snap into place on the back of your iPhone, and never worry about cards and cash lose.
Stores 7+ cards & cash
Foldable magnetic leather wallet card holder for iPhone 12 pro max can hold up to 8 ID cards, license cards, credit cards, cash, etc.
Tight-knit elastic keeps cards, ID, cash, and more safe and secure‚Äîno cards sliding out.
MagSafe phone card holder with two outer pockets to keep your most-used cash and cards handy.
Strong auto-aligning magnets
MagSafe compatible
Securely and reliably connects with MagSafe compatible cases and phones
Designed with both style and function in mind, HiWe iPhone Leather Wallet with MagSafe is the perfect way to keep your ID and credit cards close at hand.
HiWe Magnetic Leather Wallet with MagSafe compatible with iPhone 12 series, Magnetic Leather Card Holder with MagSafe compatible with iPhone 13 series. MagSafe leather wallet compatible with iPhone 14 series.
Compatibility:
iPhone 14
iPhone 14 Pro
iPhone 14 Max
iPhone 14 Pro Max
iPhone 13 Pro
iPhone 13 Mini
iPhone 13 Pro Max
iPhone 13
iPhone 12 Pro
iPhone 12 Mini
iPhone 12 Pro Max
iPhone 12
The versatile multifunctional magnetic card wallet holder for iPhone 14, iPhone 13 and iPhone 12 that‚Äôs an iPhone MagSafe wallet. Mag safe wallet card holder stand for iPhone 13 pro iPhone 12 Pro can be a good alternative to wallet cases.
Specification:
Incliude: 1* MagSafe wallet magnetic phone card holder wallet for Apple"
14,Cell Phones & Accessories > Accessories > Adhesive Card Holders,"LISEN for Magsafe Wallet for iPhone 15,Strongest Magnetic iPhone Wallet for Apple Wallet Magsafe with Adjustable Magsafe Wallet Stand Black Magnetic Wallet for iPhone 15/14/13/12 Fit Magsafe 3 Wallet",https://m.media-amazon.com/images/I/71yd6A-lC1L._AC_SX466_.jpg,LISEN,4.6,488,$29.99,"üëçMAGNETIC UPGRADED AGAIN, NO MORE FALLINGüëçAiming at the problems of weak magnetic suction, easy to fall and easy to lose wallet in the market, The apple magsafe wallet adopts 20x N55 magnets, the magnetic force is increased by 100%, which ensures your iPhone wallet holder's safety and using experience to the maximum extent
üëçIPHONE WALLET STEREOSCOPIC OMNI-DIRECTIONAL ANGLE ADJUSTMENTüëçYou can adjust the magnetic wallet for iphone at any angle 360¬∞, the magsafe wallet with grip provides low angle and small space support, find the perfect angle anytime, anywhere, watch the ball game, programmes, family video calls
üëçCONVENIENT PHONE CARD HOLDER WITH RINGüëçThe unique addition of an ultra-convenient finger ring protects your phone while on the move and prevents it from falling out. It also makes it easier to operate the phone in any position, making the apple magsafe wallet the perfect life helper
üëçULTRA-THIN SMART CARD STORAGEüëçThe hinges are specially optimised to keep the phone card holder flat and thin even when holding 6 cards, far exceeding market iPhone wallet. Transparent inner id window to display your id card clearly at all times
üëçRFID MAGNETIC CARD PROTECTION AND OFFICIAL LEATHERüëçThe FRID material lining provides demagnetization protection for your card, and high-quality leather and stitching create the most exquisite mag safe wallet, which is stain resistant and wear-resistant
‚ù§Ô∏èWE CARE ABOUT YOU‚ù§Ô∏è: If the product arrives broken, or get broken within 365 days, please directly contact LISEN for satisfied solution. Any other problemÔºåplease also contact us. We sincerely care about every customer's shopping experience! (Product including: magsafe wallet*1, magnetic induction ring*1)",4.04 x 2.61 x 0.35 inches,B0CDCQYX5L,2E534,none,"August 1, 2023",none,LISEN,China,none,#15,none,none,Product Description
15,Cell Phones & Accessories > Accessories > Adhesive Card Holders,"StickyGrippy Suction Phone Card Holder Mount, Phone Wallet, Silicon Adhesive Phone Accessory for iPhone and Android, Hands-Free Mirror Shower Phone Holder, TikTok Videos and Selfies (Pink)",https://m.media-amazon.com/images/I/71x12L8CP3L._AC_SX679_.jpg,StickyGrippy,3.7,36,$15.99,"Introducing the StickyGrippy Card Holder: The ultimate phone accessory that seamlessly combines the power of suction cups with the practicality of a phone wallet!
Cute and Convenient: The StickyGrippy is an innovative phone holder that lets you take cute photos and videos hands-free! Attach your smartphone to clean, flat surfaces like mirrors, showers, and windows with ease.
Strong and Sturdy: Don't worry about your phone falling or dropping - the StickyGrippy has 24 individual suction cups that provide a stronger, more reliable hold than other phone holders.
Ideal for Content Creators: Whether you're an influencer, TikTok creator, or just love sharing content, the StickyGrippy is perfect for capturing those shareable moments.
Easy to Use: Attaching the StickyGrippy to almost any standard smooth cellphone case is a breeze with its peel-and-stick adhesive backing. We use 3M adhesive which provides the best stick to any phone! Compatible with popular phone brands such as iPhone, Samsung Galaxy, and HTC.
Quality Guaranteed: Enjoy unbeatable customer service and support, long-lasting durability, and quality control with every StickyGrippy purchase. It's perfect for your on-the-go lifestyle!",0.27 x 2.28 x 3.54 inches,B0C9GLSHW6,SG2,Unisex,"June 27, 2023",none,Casemash,China,none,#16,none,none,Product Description
16,Cell Phones & Accessories > Accessories > Adhesive Card Holders,"Sinjimoru Stretchy Magnetic Phone Wallet, Magnetic Card Holder for Back of Phone as Phone Wallet Stick On for MagSafe Wallet Compatible with iPhone 15 14 13 12 Series. M-Basic Black",https://m.media-amazon.com/images/I/61sKOoYuOyL._AC_SX679_.jpg,Sinjimoru,4.1,469,$16.99,"COMPATIBILITY: Compatible with iPhone 12 13 14 15, cases for MagSafe, and any phone type when M-Plate attached. It is not compatible with non-MagSafe cases.
BASIC PHONE CARD HOLDER FOR MAGSAFE PHONE: Magnetic credit card holder for MagSafe cell phone that holds up to 5 cards in the stretchy fabric phone pocket.
INCOMPARABLE MAGNETIC FORCE WITH SILICONE PAD: Compatible with iPhone 12 13 14 15 Series or Case for MagSafe with 1600 gauss magnetic force, higher than other magnetic Phone products.
FLEXIBLE FABRIC PHONE WALLET STICK ON: Magnetic wallet for MagSafe with stretchy fabric so that you can easily pull out your cards.
PACKAGE & WARRANTY: The package includes M-Basic x1, Manual x1. Sinjimoru offers 90 days warranty for all of our products. Please feel free to contact us :)",3.7 x 2.48 x 0.2 inches,B0B7LV4ZQQ,SMA_BASC_VER2,Unisex Adult,"July 26, 2022","Magnetic, Camera Protector, Card Slot",Sinjimoru Co. Ltd,none,none,#17,none,none,"Product Description
Attaches via MagSafe
The MagSafe function enables easy attachment and reattachment, as well as wireless charging.
5 Colors to Match Your Own Style
Choose one of the 5 colors navy, grey, beige, black and red according to your own taste.
Powerful Magnet Strength
With its powerful magnet, the wallet stays in place even when inserting or taking out cards.
Take a look Take a look Take a look Take a look Take a look Take a look
Product Name M-Basic M-BGrip M-Flap M-Plate M-Airclo Sinji Loop Clip Two Tone
Compatible model iPhone 12/13/14/15 series iPhone 12/13/14/15 series iPhone 12/13/14/15 series iPhone 12/13/14/15 series iPhone 12/13/14/15 series All Smartphones
What's special Basic MagSafe Wallet 3 in 1 MagSafe Wallet Secure Magsafe Wallet MagSafe Magnet Sticker MagSafe Clear Phone Case Reusable Phone Strap
Material Magnet & Nylon Magnet & Nylon Magnet & Nylon Magnet & Plastic TPU & Polycarbonate Silicone & Zinc Alloy
Color Options 6 Color Options 5 Color Options 5 Color Options 2 Color Options 7 Size Options 4 Color Options"
17,Cell Phones & Accessories > Accessories > Adhesive Card Holders,"Sinjimoru Stick-on Phone Card Holder Case, Phone Wallet Credit Card Holder on Back of Phone with up to 3 Cards and Cash Storage. Zip Black",https://m.media-amazon.com/images/I/61EKpi3AGwL._AC_SX466_.jpg,Sinjimoru,4.2,"4,002",$9.99,"CARD CASE WITH ADHESIVE GEL-PAD: Sinjimoru Card Zip is an innovative card case with an attachable gel-pad on the bottom - stick it to your phone or any other flat surface to use as a mobile card wallet, card holder on your desk, etc. You can restore the adhesiveness of the gel-pad by washing it under running water.
STICK-ON CARD HOLDER CASE FOR OPTIMAL STORAGE: The card holder can store up to 3 cards. A silicone inlay provides the perfect fit for your cards and prevents any rattling noises while carrying. It can also store cash and business cards granted their size is less than a credit card.
ULTRA LIGHT DESIGN: Card Zip is an ultra-slim and light card holder case made of durable PE Plastic material. It stores your cards safely without adding bulk to your phone and fits neatly into all environments.
ADHESION/COMPATIBILITY: The iPhone case wallet can be attached on any kind of flat surface or mobile phone such as iPhone, Android, smartphone, tablet, office desks etc. The reusable gel pad allows reattachment when changing phone model or case.
PACKAGE & WARRANTY: The package includes Card Zip x1, manual x1. Sinjimoru offers 90 days warranty for all of our products. Please feel free to contact us :)",None,B07D7RFKXN,None,none,"January 29, 2018",none,none,none,none,#18,none,none,"Product Description
We offer convenience: Interchangeable phone accessories right by hand.
Play Video
Sinjimoru Card Zip is a minimalistic and solid phone cardholder that you can easily attach to the back of your phone.
Our Design
Sinjimoru strives to develop the best products possible to make everyday life easier and more fun.
Benefits
1 Sinjimoru Brand 2 Secure Card Holder 3 3 Cards Storage 4 Phone Kickstand 5 Reusable Card Holder
How to use the Card Zip
Choose the best solution for you!
Card Zip
Sinji Pouch Basic 2
Sinji Pouch B-Grip
Secure Card Holder
Card Zip protects your personal information in the pouch.
Easy Attachment
Sinji Pouch Basic 2 can be easily attached to any type of your phone.
Easy Attachment
Sinji Pouch B-Grip can be easily attached to any type of your phone.
Reusuable Phone Card Holder
You can reuse the phone wallet after washing the adhesive part with the water!
Solid Adhesion
You can securely attach it to the back of your phone with the powerful 3M tape!
3 in 1 Phone Card Holder
You can put your cards, grab your phone and also stand your phone on the desk!
When using my transportation card or ID card inside the CardZip, sometimes it's not recognized. Why is that so?
Would it stick to my phone?
How many cards can I hold in CardZip?
What if the product doesn't work properly?
Why not also try...
Take a look
Take a look
Take a look
Take a look
Take a look
Take a look
Take a look
Product Name
Card Zip Sinji Pouch Flap Sinji Pouch B-Flap Sinji Mount B-Grip Sinji Mount Z-Slot M-Basic M-Flap
Compatible Model
All smartphones All smartphones All smartphones All smartphones All smartphones iPhone 12 series iPhone 12 series
What's Special
Plastic Phone Wallet Secure Phone Wallet Phone Grip Wallet Detachable 3 in 1 Phone Wallet Detachable Phone Card Holder Basic MagSafe Wallet Secure Magsafe Wallet
Material
Plastic Nylon Nylon Plastic & Silicone Plastic & Nylon Magnet & Nylon Magnet & Nylon
Color Options
4 Color Options 12 Color Options 5 Color Options 5 Color Options 6 Color Options 6 Color Options 5 Color Options"
18,Cell Phones & Accessories > Accessories > Adhesive Card Holders,"Sinjimoru Phone Grip Card Holder with Phone Stand, Secure Stick on Wallet for iPhone with Kickstand for Table. Sinji Pouch B-Grip Black",https://m.media-amazon.com/images/I/61z9xxZNwYL._AC_SX679_.jpg,Sinjimoru,4.4,"4,413",$14.99,"MULTI-FUNCTIONAL PHONE GRIP STAND WITH CARD HOLDER: B-Grip combines the functions of a safe credit card holder with a phone grip to prevent your iPhone/Android device from falling down. Moreover, the grip part can be turned into a phone stand anywhere and anytime.
USE YOUR SMARTPHONE COMFORTABLY WITH ONLY ONE HAND: No matter if you are texting, taking pictures or shopping, you can hold your phone safely with only one finger!
SAFE CARD HOLDER FOR PHONE: B-Grip comes equipped with a flap to protect your important cards (ID card, credit cards, drivers license) and your private information.
HIGHLY COMPATIBLE CREDIT CARD CASE: The Phone grip strap/card holder for back of phone can be attached to any smartphone that is big enough.
PACKAGE & WARRANTY: The package includes Sinji Pouch B-Grip x1. Sinjimoru offers 90 days warranty for all of our products. Please feel free to contact us :)",3.54 x 2.24 x 0.08 inches,B07FT6DBCH,SPH_BAND_GRIP,none,"January 29, 2018",Kickstand,Sinjimoru Co.Ltd,"Korea, Republic of",none,#19,100+,none,"Product Description
Secure Storage, Stable Grip and Convenient Stand All at once
Sinji Pouch B-Grip adds a band with a silicon pad to the phone wallet, resulting in various functions such as card storage, grip, and kickstand.
5 Colorful Options
Choose one of the 5 different colors black, navy, blue, grey and orange according to your own taste.
Use with an Electromagnetic Absorption Card
Card recognition might not work well if it is interfered with by the NFC function of the smartphone or if multiple cards are used together. We recommend using Sinjimoru electromagnetic wave absorption card or shield card together for smooth use.
Take a look Take a look Take a look Take a look Take a look Take a look
Product Name Sinji Pouch B-Grip M-Plate M-Flap M-BGrip M-Basic Sinji Glass Privacy
Compatible model All smartphones All smartphones iPhone 12/13/14/15 series iPhone 12/13/14/15 series iPhone 12/13/14/15 series iPhone 15 series
What's special 3 in 1 Phone Wallet MagSafe Magnet Sticker Secure Magsafe Wallet 3 in 1 MagSafe Wallet Basic MagSafe Wallet Privacy Screen Protector
Material Silicone Magnet & Plastic Magnet & Nylon Magnet & Nylon Magnet & Nylon Temperd Glass
Color Options 5 color options 2 Color Options 5 Color Options 5 Color Options 6 Color Options 14 Size Options"
19,Cell Phones & Accessories > Accessories > Adhesive Card Holders,"PopSockets Phone Wallet, Phone Card Holder - Black",https://m.media-amazon.com/images/I/61S9dm5uYnL._AC_SX679_.jpg,PopSockets,4.5,"1,714",$21.93,"Our durable PopSockets wallet we call our ""PopWallet"" is a sleek and secure way to carry your cards along with your phone
The PopSockets phone wallet stick on can hold 3-5 credit cards depending on card thickness
To remove the phone case wallet, push the top left corner and slide right for wireless charging. Wallet must be removed to wirelessly charge
PopSockets s card holder for phone case is compatible with PopSockets s cases",2.28 x 0.22 x 3.54 inches,B07NW29YGW,800859,none,"June 6, 2019",Phone Grip,PopSockets,China,none,#20,none,none,"Product Description
grip it.
Text with one hand, snap your friends, and avoid phone drops.
kickstand it.
Prop up your phone wherever you are to watch videos hands-free.
mount it.
Use your phone hands-free with a car, desk, wall, or flex mount.
charge it.
Wirelessly charge your MagSafe-compatible phone.
protect it.
Avoid phone drops and screen cracks with our anti-drop phone grip.
swap it.
Easily swap your grip's top - just close the grip flat, press down and twist 90 degrees. Then you can swap in a new top or wirelessly charge.
pay it.
Streamline your accessories and carry your credit cards to easily pay on the go.
plant it.
Go plant positive with our plant PopGrips to help us reduce our ""food print"" and support donations to PHA.
Launched in 2014 by former philosophy professor David Barnett, PopSockets makes empowering, expressive, and playful products that help people phone better. PopSockets has sold over 244 million phone grips in 75 countries and now has an expanding ecosystem of related products, including phone cases, wallets and mounts.
PopSockets aims to become an eternal positivity machine--an enduring global brand that makes an increasingly positive impact on the health and happiness of the planet. Impact initiatives to date include its Poptivism platform and ChangeUp partnership that have resulted in over 4 million in cash and product donations to over 400 non-profits, low-friction recycling programs with TerraCycle (Terracycle, 2020), use of 99% recyclable and FSC certified packaging (FSC, 2019) , company-wide Climate Neutral certification, 90% of products are carbon-neutral certified (ClimateNeutral.Org, 2022), Fair Labor Association accreditation status (FLA, 2022), and adoption of an animal-free policy with respect to products and corporate sponsored meals (PopSockets, 2019).
In 2021, PopSockets was honored as one of Fast Company‚Äôs World‚Äôs Most Innovative Companies (Fast, 2021).
Here at PopSockets we aim to be a force for good that perpetually enhances the health and wellbeing of the planet and all living creatures. Our team is committed to driving long-lasting, positive environmental and social change by partnering with leading nonprofits, dedicating our time to volunteer on impactful projects, and working to make our supply chain as environmentally-sound and ethical as possible. We aim to minimize the impact of our products on the environment and animals, and maximize the welfare of our people and other stakeholders. We also hope to mobilize our millions of loyal, engaged consumers, our innovative global team and our operational expertise to bring that vision to life (PopSockets, 2022)."
20,Cell Phones & Accessories > Accessories > Adhesive Card Holders,"Ringke Slot Card Holder for Phone Case, Business Card Holder for Back of Phone, ID Credit Card Holder Stick on for Women Men, Phone Wallet Compatible with iPhone, Galaxy, and Pixel - Clear Mist",https://m.media-amazon.com/images/I/71g161E1hvL._AC_SX466_.jpg,Ringke,4.3,"2,572",$11.99,"Ringke Slot Card Holder accommodates a maximum of 3 cards
For debit, business, photo, bank, credit, driver's license, or ID card
Tough 3M Adhesive offers easy installation
2-Extra 3M Adhesive Tapes Included
Recommended for devices with glass backs to use a case",3.7 x 2.32 x 0.2 inches,B0788H9371,RSLOT-CL,none,"December 14, 2017",none,Ringke,"Korea, Republic of",none,#21,none,none,"Product Description
Other Products
Ringke Hand Strap
Shoulder Strap
Mini Pouch [Block]
Ringke Pen Holder
Finger Strap Paracord
Ringke Silicone Cable Tie
Features
For smartphone, camera, key Ranging from 91cm to 163cm For AirPods, earphones, etc For Apple Pencil, journal Length can be adjusted 12 cm length (15 pack)
Color
Ringke Packing Tape Aurora Black Black 4 colors 6 colors
Material
TPU Polyester Nylon, Polyester Faux Leather Interwoven parachute cord Silicone
Size
9.65 x 0.79 x 0.03 inches 35.04 x 0.79 x 0.03 inches 8.1 x 5.6 x 3.6 cm 4.19 x 3.99 x 0.3 cm 8.38 x 1.02 x 0.51 cm 4.9 x 0.7 x 0.7 inches
Country of Origin
Korea Korea Vietnam Korea China China"
21,Cell Phones & Accessories > Accessories > Adhesive Card Holders,"3 in 1 Magnetic Card Holder, Sinjimoru Magnetic Wallet for MagSafe as Cell Phone Wallet Stick On with Phone Grip Holder & Mobile Phone Kickstand iPhone 15 14 13 12 Series. M-BGrip Black",https://m.media-amazon.com/images/I/71kkfXkor1L._AC_SX679_.jpg,Sinjimoru,4.3,737,$24.99,"3 IN 1 MULTIFUNCTIONAL SMARTPHONE WALLET: Functions as a cell phone stand for desk, smartphone grip, and detachable magnetic phone wallet with flap.
INCOMPARABLE MAGNETIC FORCE WITH SILICONE PAD: Attaches with iPhone 12 13 14 15 Series with 2800 Gauss magnetic force, 5times higher than average 500~600 Gauss magnetic force.
ANTI-DROP CELL PHONE CARD HOLDER FOR HAND: An additional phone strap tag holder for the smartphone case is in the package to securely hold your phone.
COMPATIBILITY: Compatible with iPhone 12 13 14 15 Series, magnetic cases, and any phone type when M-Plate attached. It is not compatible with non-magnetic cases.
PACKAGE & WARRANTY: The package includes M-BGrip x1, Tag holder x1. Sinjimoru offers 90 days warranty for all of our products. Please feel free to contact us :)",3.7 x 2.44 x 0.31 inches,B0B7M2C5NS,SMA_BGRP_VER2_BK,Unisex,"July 26, 2022",Magnetic wallet with phone grip stand,Sinjimoru Co.Ltd,"Korea, Republic of",none,#22,none,none,"Product Description
We offer Convenience : Smart and Simple phone accessories right by the hand.
Play Video
M-BGrip is a convenient solution for a busy daily life where multi functional accessories can come in handy!
Our Design
Sinjimoru strives to develop the best products possible to make everyday life easier and more fun.
Benefits
1 Sinjimoru Brand 2 Detachable Wallet 3 Minimalist Wallet 4 Easy-grip Holder 5 Hands-free Kickstand
How to use the M-BGrip
1
Sinjimoru Magsafe Accessories Collection
M-BGrip
M-Basic
M-Band
M-Flap
M-Pull Tab Band
M-Button Wallet
M-Slim Slot Series
What's Special
3 in 1 MagSafe Wallet Basic MagSafe Wallet 2 in 1 Magsafe Wallet Secure Magsafe Wallet Secure Magsafe Wallet and band Secure Magsafe Wallet Secure Magsafe Wallet
Material
Magnet & Nylon Magnet & Nylon Magnet & Nylon Magnet & Nylon PU Leather, Suede, Neodymium Magnet & Plastic Magnet & Polycarbonate
Color Options
5 Color Options 6 Color Options 4 Color Options 5 Color Options 4 Color Options 2 Color Options 2 Size Options
Grip
‚úî ‚úò ‚úî ‚úò ‚úî ‚úò ‚úò
Compatible models
iPhone 12 13 14 15 Series iPhone 12 13 14 15 Series iPhone 12 13 14 15 Series iPhone 12 13 14 15 Series iPhone 12 13 14 15 Series iPhone 12 13 14 15 Series iPhone 12 13 14 15 Series"
22,Cell Phones & Accessories > Accessories > Adhesive Card Holders,"MagSafe Wallet with AirTag Holder, Magnetic Wallet Card Holder for Magsafe, Magnetic Wallet for iPhone 15 Pro/ 15/14 Pro Max/14 Pro/14/14 Plus/13 Pro Max/13 Pro/13/12 SeriesÔºàBlackÔºâ",https://m.media-amazon.com/images/I/71KaXrGmerL._AC_SX466_.jpg,ExtreLife,4.5,204,$27.99,"‚úÖ„ÄêVersatile Phone Wallet with Airtag Holder„Äë New up-grade of magnetic wallet is designed for iPhone 14/13/ 12 Series. Fits max 7 cards and is convenient for when you're checking out or trying to put things up quickly. Built-in holder for Apple Airtag, combines wallet and AirTag ideally to make sure you never lose your wallet again. ( A tracker is not included), which is great if you're looking for a compact way to carry your essentials.
„ÄêSecurity and Privacy„ÄëOur mag safe wallet has advanced RDIF blocking technology, keep your credit cards safe from unauthorized scanners and provides degauss protection for your cards to prevent demagnetization. Meanwhile, with airtag for wallet, it keeps belongings safe from would-be thieves and helps you find them quickly when you misplace them or they get stolen. it's a small investment that can save a lot of stress and hassle down the road.
‚úÖ„ÄêSuitable for Daily Use and Travel Light„Äë Although you can keep all your cards and cash in a traditional bulk wallet. But in most situations, you don't need to carry too much. This credit card holder for cell phone is surprisingly slim and holds your cards pretty snug. it's also a good alternative for making quick runs to the store, hiking or the gym because it's great to really carry a minimal amount of items securely, and keep everything in one place on your phone.
‚úÖ„ÄêStronger Magnetic Force„Äë The magnetic force of ExtreLife magnetic card holder is made of 38 upgraded powerful N52 magnets, up to 3500 Gauss, 5x stronger than the official magnetic wallet. Seamlessly integrate the magnetic phone wallet onto your Magnetic case or iPhone. Keep your ID, credit cards, and other essentials firmly and feel secure with the ultra-strong built-in magnets that lock the wallet into place. ""It stays attached when I put it into and pull it out of my front pants pocket.""
‚úÖ„ÄêDesigned for iPhone Wallet„Äë It's made for iPhone 14/13/12 series and Magnetic Case, compatible with iPhone 14 Pro Max/14 Plus/14 Pro/14, iPhone 13 Pro Max/13 Pro/13/, for iPhone 12/12 Pro/12 Max/. Note: Mag safe wallet is only compatible with iPhone 14/13/12 series without case, or with Magnetic case",3.82 x 2.56 x 0.59 inches,B0BNB98MF9,Magnetic Card Wallet Holder-CB058-Black,none,none,none,ExtreLife,China,none,#23,none,none,"Product Description
There is a lot of sensitive information stored in your wallet, so it is critical that you keep it close and do not lose it. Thankfully, Have an Magnetic AirTag Wallet will help ensure your cash, cards, and ID will always be close by. If you want a card holder that's more elevated, then the ExtreLife Leather Card Holder is our best recommendation due to its excellent combination of affordability, functionality, and minimalist design:
Layout: Slim wallets feature a streamlined, minimalist design that‚Äôs best for front-pocket carry. Dedicated pocket for an Apple AirTag.
Capacity: With elastic band, holds up to 7 cards that is large enough for your daily needs.
Material: Made of preium Vegan Leather, which is durable and beautiful
Security: Equipped with advanced RDIF blocking technology, keep your credit cards safe from unauthorized scanners and provides degauss protection for your cards to prevent demagnetization.
Magentic Force: Made of 38 upgraded powerful N52 magnets, up to 3500 Gauss, 5x stronger than the other magnetic wallets in the market.
The most important : It's a small investment that can save a lot of stress and hassle down the road.
Magsafe Wallet with Airtag Holder Airtag Wallet Magsafe Magnetic phone Wallet with Airtag Holder Magsafe Wallet with Flap Magsafe Wallet
Function with Airtag Holder; 7 Cards with Airtag Holder; 7 Cards with Airtag Holder; 7 Cards with Flap; with finger loop; 7 Cards 7 Cards
Compatibility for iPhone 14 Series; iPhone 13 Series; iPhone 12 Series; Mobile Phone with Magsafe Case or Magnet Sticker for iPhone 14 Series; iPhone 13 Series; iPhone 12 Series; Mobile Phone with Magsafe Case or Magnet Sticker for iPhone 14 Series; iPhone 13 Series; iPhone 12 Series; Mobile Phone with Magsafe Case or Magnet Sticker for iPhone 14 Series; iPhone 13 Series; iPhone 12 Series; Mobile Phone with Magsafe Case or Magnet Sticker for iPhone 14 Series; iPhone 13 Series; iPhone 12 Series; Mobile Phone with Magsafe Case or Magnet Sticker"
23,Cell Phones & Accessories > Accessories > Adhesive Card Holders,"Sinjimoru Phone Grip Credit Card Holder with Flap, Secure Stick-On Wallet as Phone Finger Strap Adhesive ID Card Case for iPhone Case. Sinji Pouch B-Flap",https://m.media-amazon.com/images/I/610opQwVxvL._AC_UX569_.jpg,Sinjimoru,4.4,"3,846",$9.99,"Flap closure
Wet Wipe Clean
Triple Security Phone Grip Card Holder : Sinji Pouch B-FLAP comes with an attached Flap to keep your credit, business, or ID cards and private information safe, while the phone strap protects not only your hand and fingers from aching but it also gives you a better grip on your phone and prevents your Phones device from accidentally falling down.
SECURE CARD WALLET FOR PHONE: This credit card sleeve on the back of phoSecure Phone Card Holder : All your important cards and even cash will fit in your new credit card holder / business card case. No need to worry about your wallet or purse anymore, with the Sinji Pouch B-Flap, you will always be ready to go out.ne will always keep your cards secure inside the phone card slot with a strong flap.
Never drop your Smartphone again with this clever Phone Holder: Simply put your fingers through the integrated phone strap for your hand and instantly get a safer grip on your phone while taking selfies, shopping, or sending messages.
COMPATIBILITY: Compatible with most smart phones or iPhone as well as cell phone case. For phones with glass backs, please read the compatibility description below.
PACKAGE & WARRANTY: The package includes Sinji Pouch B-Flap x1. Sinjimoru offers 90 days warranty for all of our products. Please feel free to contact us :)",None,B0CCD46QDT,None,none,"July 20, 2023",none,Sinjimoru Co.Ltd,none,none,#24,200+,none,"Sinji Pouch B-Flap is a cell phone card holder that you can attach on the back of your phone and also use it as a phone strap. Also the flap of the wallet will keep your private information secure. M-Basic: MagSafe credit card holder for cell phone that holds up to 5 cards with its highly elastic fabric pouch. M-Flap: MagSafe Cardholder that was originated from our Sinji Pouch Flap. The flap of the phone wallet secures the personl information of credit cards and ID cards. M-Plate: Apple MagSafe phone magnet sticker that can be attached to any type of cellphone and phone case. M-BGrip: Apple MagSafe band grip originated from our Sinji Pouch B-Grip. It can be used in 3 ways of phone grip, cell phone stand, and cardholder. Sinjimoru is planning to research and launch the new MagSafe product series. Guess what would be the next new product! Ringo mini: Cell phone ring holder that provides one hand operation in any direction rotating up to 360 degrees. Sinji Pouch B-Grip: Cell phone grip wallet that also supports kickstand function in any situation. Sinji Pouch Basic 2: Sinjimoru Best basic phone card holder made of elastic fabric material that sticks to back of phone. Sinjimoru provides 90 days of warranty for all of our products!"
24,Cell Phones & Accessories > Accessories > Adhesive Card Holders,"Amzone 3-in-1 Magnetic Wallet with Phone Ring Stand, Compatible with Mag-Safe Wallet, Magnetic Privacy Flap, Phone Wallet with Phone Ring for iPhone 15/14/13/12 Series, 7 Cards Holder (Black)",https://m.media-amazon.com/images/I/81hE9V0vNTL._AC_SX569_.jpg,Amzone,4.3,63,$19.99,"„ÄêStrong Magneat Wallet„ÄëCompatible with Mag-Safe, the Amzone phone wallet seamlessly attaches to the back of your iPhone. The super magnetic connection ensures a secure fit while allowing for easy detachment when needed. Adsorption is up to 3800 Gauss, 5x stronger than the official magnetic wallet.
„ÄêOptimal Phone Card Holder„Äë7 card slots, our phone mag-safe wallet offers ample storage space for your credit cards, ID, and more. Keep all your cards at your fingertips, eliminating the need for a separate bulky wallet.
„ÄêMulti-functional Phone Ring Holder„Äë 360¬∞rotatable and 180¬∞foldable so that you can position your phone at your best viewing angle anytime. This versatile magnetic phone grip can set your hands free. You can also place It on your desk or table to watch movies, put on makeup, make video calls.
„ÄêPremium Leather Material„Äë Crafted from high-quality leather, our magnetic wallet combines functionality with style. The luxurious feel adds a touch of elegance to your phone while providing durability to withstand daily use.
„ÄêCompatible with MagSafe„Äë Designed to be lightweight and slim, it seamlessly integrates with your iPhone, preserving its sleek design while providing practical functionality.Made for iPhone 14/13/12 series and Mag-safe Case, compatible with iPhone 15, iPhone 14 Pro Max/14 Plus/14 Pro/14, iPhone 13 Pro Max/13 Pro/13/, for iPhone 12/12 Pro/12 Max.",3.98 x 2.76 x 0.55 inches,B0CFL4X8YM,Amzone,none,"August 14, 2023",Card Slot,Amzone,China,none,#25,none,none,"Product Description
Crafted with precision using high-quality carbon fiber black leather, this Mag Safe compatible wallet seamlessly integrates with your iPhone. The powerful magnetic attachment ensures a secure and reliable fit, keeping your essentials safe and easily accessible no matter where you are. Say goodbye to bulky wallets and hello to sleek simplicity!
Not just a wallet, this versatile accessory also features a convenient phone ring stand. The built-in ring offers a comfortable grip while minimizing the risk of accidental drops. Whether you're texting, browsing, or taking selfies, rest assured that your device is securely in your grasp. Need a break? Simply flip the ring out and transform it into a sturdy stand for hands-free viewing pleasure.
Upgrade your iPhone 14/13/12 Series experience today with this must-have accessory. Get your hands on the Amzone 3-in-1 Mag Safe Wallet and discover convenience, security, and style like never before.
Magnetic wallet with phone grip and stand
Flexible fabric for 7 cards
Ergonomic thumb slot design"
25,Cell Phones & Accessories > Accessories > Adhesive Card Holders,"Ringke Slot Card Holder (2 Pack) Designed for Smartphones, Adhesive Stick On Wallet Case Minimalist Slim Hard Premium Credit Card Cash Sleeve - Clear Mist",https://m.media-amazon.com/images/I/71LrDcVlrkL._AC_SX466_.jpg,Ringke,4.4,"3,658",$14.99,"Enhanced Design - New Ringke Slot Card Holder accommodates a maximum of 3 cards. Minimalist card slot feature offers immediate and ideal access to your main debit, business, photo, bank, credit, driver's license, or ID card on the go
The Ideal Form - The stair-inspired design securely stack cards to prevent fall-out and the safety railing counter scratches on the card surface
Safe & Strong Attachment - Tough 3M Adhesive offers easy installation and can be removed with ease yet securely adheres for a safe and high-quality long-lasting application. (2-Extra 3M Adhesive Tapes Included)
Comfortable & Secure Design - Designed for premium flat-lay and extra thin feature to optimize slim grip as hard PC card clip holds your stored ID/card secure
Recommended for devices with glass backs to use a case",3.66 x 2.36 x 0.2 inches,B0788J1S3H,Slot Card Holder,none,none,none,No,"Korea, Republic of",none,#26,none,none,"Product Description
Other Products
Ringke Hand Strap
Shoulder Strap
Mini Pouch [Block]
Ringke Pen Holder
Finger Strap Paracord
Ringke Silicone Cable Tie
Features
For smartphone, camera, key Ranging from 91cm to 163cm For AirPods, earphones, etc For Apple Pencil, journal Length can be adjusted 12 cm length (15 pack)
Color
Ringke Packing Tape Aurora Black Black 4 colors 6 colors
Material
TPU Polyester Nylon, Polyester Faux Leather Interwoven parachute cord Silicone
Size
9.65 x 0.79 x 0.03 inches 35.04 x 0.79 x 0.03 inches 8.1 x 5.6 x 3.6 cm 4.19 x 3.99 x 0.3 cm 8.38 x 1.02 x 0.51 cm 4.9 x 0.7 x 0.7 inches
Country of Origin
Korea Korea Vietnam Korea China China"
26,Cell Phones & Accessories > Accessories > Adhesive Card Holders,Cardly Wallet | Card and Money Holder for Cell Phone | Sticks On Case (Black 2),https://m.media-amazon.com/images/I/91QT+lxwFCL._AC_SX679_.jpg,Cardly,4.3,"9,814",$9.99,"UNIVERSAL - Works with almost every phone, including iPhone
TWO POCKETS - Can hold credit, debit, or ID cards plus a key or AirPods
SECURE - Our patented 3M adhesive does not leave sticky residue on the back of your phone
STRETCHY - Lycra sleeve has a sleek design and a protective flap for security
BUY WITH CONFIDENCE - 30 day money back guarantee",3.5 x 2.5 x 0.25 inches,B07766951L,4335013313,none,"March 7, 2017",Card Slot,Cardly,none,none,#27,none,none,"Product Description
Thanks to advances in payment technology, traditional wallets are being used less and less. Our stretchy Cardly wallets have two pockets and a protective flap that allow you to securely store cards, cash, and/or a key right on the back of your phone. It can also be used to hold AirPods, business receipts, a lip moisturizer, or any item smaller than 3¬Ω x 2¬Ω inches. The patented 3M adhesive firmly sticks to almost every phone, is re-stickable, & doesn‚Äôt leave sticky residue on your expensive phone.
Storage Possibilities
‚óè Up to 4 Cards: Credit, Debit, Driver‚Äôs License, Employee ID, Student ID, Gift Card, or Rewards Card
‚óè 2 Cards, 1 Key, & Cash
‚óè 3 Cards & Cash
‚óè Business Cards
‚óè Airpods
‚óè Spare Change
‚óè Dream Up Your Own Combination
Compatible With:
‚óè iPhone
‚óè Google Pixel
‚óè Samsung Galaxy & Note
‚óè ANY model of smartphone or case with at least a 3¬Ω x 2¬Ω inches of space on the back
[NOTE: Adhesive is less effective on cases that lack a smooth surface, such as cases with ridges or textures]
Re-Stickable & Strong
Changing phones? New phone case? Transfer & reattach the patented 3M adhesive without losing stickiness.
Convenient & Practical
Ideal, on-the-go solution for busy professionals and parents. Our modern, sleek designs fit a wide range of styles and make for great gifts.
No Residue on your Phone
If you didn‚Äôt put it on perfectly the first time, just peel it off, adjust it, and reapply."
27,Cell Phones & Accessories > Accessories > Adhesive Card Holders,Apple Leather Wallet with MagSafe (for iPhone) - Now with Find My Support - Midnight,https://m.media-amazon.com/images/I/71b6hiIQL2L._AC_SX522_.jpg,Apple,4.4,"9,270",$91.00,"Designed with both style and function in mind, the new iPhone Leather Wallet with MagSafe is the perfect way to keep your ID and credit cards close at hand.
It now supports Find My, so you can be notified of your wallet‚Äôs last known location if it gets separated from your phone.
Crafted from specially tanned and finished European leather, the wallet features strong built-in magnets that allow it to effortlessly snap into place on the back of your iPhone. You can even stack it on top of a case with MagSafe technology to create a look that‚Äôs unique to you.
The leather wallet is shielded so it‚Äôs safe for up to three credit cards. The wallet also features a back slot to help remove cards easily.
Compatibility: iPhone 14 Pro Max, iPhone 14 Pro, iPhone 14 Plus, iPhone 14, iPhone 13 Pro Max, iPhone 13 Pro, iPhone 13, iPhone 13 mini, iPhone 12 Pro Max, iPhone 12 Pro, iPhone 12 and iPhone 12 mini",none,none,none,none,none,none,none,none,none,#28,none,none,none
28,Cell Phones & Accessories > Accessories > Adhesive Card Holders,"elago Phone Card Holder - Secure Wallet, Ultra Slim for Back of Phone, 3M Adhesive ID iPhone, Galaxy and Most Smartphones [Pastel Green]",https://m.media-amazon.com/images/I/51EOFnMrOmL._AC_SX679_.jpg,elago,4.3,"1,636",$9.99,"„ÄêNO BULK„ÄëGetting tired of that bulky wallet or purse? Simply slide your ID and a credit card in the elago Card Pocket - you are ready to go!
„ÄêSTORAGE„ÄëTwo cards can be stored comfortably and safely inside the pouch. Removing the cards is simple thanks to a small cutout at the bottom of the pouch.
„ÄêMATERIAL„ÄëThe Card Pocket is made from durable silicone which adds grip, but does not take away from the ergonomic feel of a case. The silicone will hold its shape and keep the cards from falling out.
„ÄêINSTALLATION„ÄëSimply remove the adhesive cover and stick the pouch on any phone case. Almost every phone is compatible with the elago Card Pocket.
„ÄêCOMPATIBILITY„ÄëSupports all smartphones and tablets with enough size to fit a credit card - virtually every smartphone and tablet.",2.44 x 0.12 x 3.66 inches,B0841XR14Y,EPOCKET-PGR,none,"November 13, 2016",Card Slot,elago,none,none,#29,none,none,"Product Description
Magnetic Card Wallet for MagSafe Magnetic Phone Ring Holder Hybrid Clear Case Hybrid Clear Case Hybrid Clear Case Hybrid Clear Case
Compatible With MagSafe for iPhone 14, iPhone 13, iPhone 12 Series MagSafe for iPhone 14, iPhone 13, iPhone 12 Series iPhone 14 Pro Max iPhone 14 Pro iPhone 14 iPhone 14 Plus"
29,Cell Phones & Accessories > Accessories > Adhesive Card Holders,typecase MagSlot - Magnetic Phone Wallet & Card Holder for iPhone 15/14/13/12 Series - Compatible with MagSafe - Slim Leather RFID Wallet for Men & Women - Adjustable Stand with 4 Card Slots (Black),https://m.media-amazon.com/images/I/612PTi3c6UL._AC_SX466_.jpg,typecase,none,none,$35.99,"Unmatched MAGNETS: Typecase MagSlot attaches to your smartphone with an unparalleled 3800 Gs of force for a secure and convenient connection, compared with the offical magsafe wallet.
SLIM & FUNCTIONAL DESIGN: Sleek phone card holder with a 4-slot layout, a cash pocket and V-shaped openings for quick access. Perfect for on-the-go functionality without added bulk.
RFID PROTECTION: Keep your sensitive data safe. Our RFID-blocking technology shields your cards from electronic threats, ensuring peace of mind.
PREMIUM LEATHER FINISH: Revel in the timeless aesthetics and luxurious touch of our magnetic wallet, meticulously crafted from premium, tear-resistant leather.
ADJUSTABLE STAND FEATURE: Choose the perfect viewing angle between 15¬∞ and 170¬∞ for enjoying your favorite shows, FaceTime, streaming, or browsing.
UNIVERSAL IPHONE COMPATIBILITY: Designed for iPhone 15/14/13/12 Series or any other device with the included metal ring attachment.
DURABILITY GUARANTEED: Tear-resistant leather with anti-scratch feature. Backed by a 12-month warranty, lifelong support, and dedicated customer care.",0.4 x 2.6 x 4.1 inches,B0CG17R9RQ,Typecase MagSlot for iPhone (Black),Men,none,none,typecase,China,none,#30,50+,none,"Product Description
Play Video
Ultra-strong Magnetic Force
Snap and Lock
Designed to meet the demands of daily living, typecase mag safe wallet features built-in magnets that offer a powerful 3800Gs magnetic lock, which is 5x stronger than the official magsafe wallet. Once it's snapped on, your essential items will be kept secure at all times.
Time-saving Card Access
The phone wallet's bottom hole allows for fast access to your cards with a simple push-out action.
How many cards can the magnetic wallet hold?
Does the phone wallet have a cash pocket?
Does this magnetic wallet come with RFID protection?
Can I use this wallet with an Android device, or an iPhone that doesn't have the MagSafe feature?"
