,Product_Location_in_Tree,Product_title,Product_image_URL,Product_brand,Product_Rating,Number_of_Customer_review,Product_price,Product_About_Item,Product_Dim,Product_ASIN,Product_Item_Model_number,Product_Department,Product_Date_First_Available,Product_Special,Product_manufacturer,Country_Origin,UPSPSC_Code,Product_BSR,Number of sold of in a month,Product Specification,Product Description,timestamp
0,"Clothing, Shoes & Jewelry > Men > Accessories > Belts","CHAOREN Leather Ratchet Belt Men - Customizable Fit, Effortless Style (35mm)",https://m.media-amazon.com/images/I/81BaXyKv9+L._AC_UY550_.jpg,CHAOREN,4.7,"37,556",$14.39,"Genuine Leather
Imported
Ratchet closure
Dry Cloth Clean
Customizable Fit: Achieve the perfect fit with our innovative rachette belt. Enjoy up to 1/5"" adjustments, ensuring a comfortable and precise fit everywhere you go. The easily removable buckle allows you to cut the belt to your ideal size, making it tailored to your unique style. Sharp, sleek, and attractive - adjustable dress belt accentuates your personality with confidence!
Effortless to Use: Experience the ultimate convenience with our black leather belt. Simply slide it into the sliding buckle, pull it through, and the click-it buckle automatically locks in place. Releasing the belt is just as easy - gently push the lever on the side of the automatic buckle, and the lock snaps shut. Enjoy the seamless simplicity and smoothness of our ratchet belt design.
Maximum Durability: Crafted with genuine leather, our men's belts for jeans present a refined and high-textured look. The high-density stylish buckle is not only lighter but also scratch-resistant, ensuring the belt's longevity and durability. Embrace the perfect blend of style and durability with CR!",9.45 x 3.15 x 1.97 inches; 2.82 Ounces,B089Y6RH35,None,Mens,"July 17, 2019",none,CHAOREN,none,none,#1,4K+,none,"Continuous updated designs to meet different personal styles.
Ratchet Belts Pack
Leather Ratchet Belt
Reversible Dress Belt
Brown Ratchet Belt
Full Grain Leather Belt
Dress Bet
Ratchet Belts
Belt Width
1 3/8"" 1 1/8"" 1 1/4"" 1 3/8"" 1 1/2"" 1 1/8"" 1 1/4""
Limitless Adjustments
✔ ✔ — ✔ ✔ ✘ ✔
Custom Fit
✔ ✘ ✔ ✔ ✔ ✘ ✔
Gift Package
✔ ✔ ✔ ✔ ✔ ✔ ✔
Size Range
28-58"" Waist 33-44"" Waist 34-46"" Waist 28-48""Waist 32-48"" Waist 34-46"" Waist 28-48"" Waist
Minimalism and timelessness are the DNA of CHAOREN
We carefully select the best designs for our customers which are suitable for any occasion. When you come to CHAOREN, being chic and stylish is effortless.
EXCEPTIONAL COMFORT CUSTOM FIT ELEGANT LOOK MINIMALIST FASHION
CHAOREN creates smart ratchet belts of extraordinary beauty!
Must Have All-Day Comfort Easy to Use Ratchet Belt

Steps to use:
1. Measure your waist size
2. Trim the belt to your size before wearing it
3. Locking Belt: Just slide the belt into the buckle and pull the belt through, the buckle simply automatically locks.
4. Release Belt: To release the belt, gently push the lever on the side and the lock will snap.
Play Video
How quickly can I adjust my belt when I have eaten?
For a 42” waist which is better the 36-42 or the 42-48?
How long is the tail of the belt? I don't like having a long tail when I put on my belt.
What is inside the package?",2023-10-11 22:58:12
1,"Clothing, Shoes & Jewelry > Men > Accessories > Belts",Timberland Men's 35mm Classic Jean Belt,https://m.media-amazon.com/images/I/713Og-pjL-L._AC_UY550_.jpg,Timberland,4.4,"48,172",$16.83,"100% Leather
Imported
Buckle closure
Hand Wash Only
Mens leather belt made with 100% genuine leather with single loop antique finish buckle
Perfect mens casual belt that will soon become your favorite go to everyday leather belt
The perfect mens belt for jeans that can also convert into a mens dress belt and work belt",None,B08W3C2FZ9,B75453 0100,Mens,"April 4, 2017",none,Timberland,none,none,#2,2K+,none,"This classic street-worthy belt by Timberland is designed for all-season wear and fits your lifestyle no matter who you are or how you wear it. The men's belt is made of genuine full-grain leather that is smooth to the touch and has rich color to it. Timberland unique culture and product designs are inspired by their rich new England heritage. Everything they make has been founded upon the outdoor lifestyle - whether that involves wooded trails or city streets - and a Timberland community that thrives on giving back.

Dieser klassische Streetworthy Gürtel von Timberland ist für ganzjährige Abnutzung konzipiert und passt zu Ihrem Lebensstil egal wer Sie sind oder wie Sie ihn tragen. Der Herrengürtel ist aus echtem Vollnarbenleder, das sich glatt anfühlt und eine satte Farbe hat. Timberland einzigartige Kultur und Produktdesigns sind inspiriert von ihrem reichen New England Erbe. Alles, was sie herstellen, wurde auf dem Outdoor-Lifestyle gegründet - egal ob Wald-Trails oder Stadtstraßen – und einer Timberland-Gemeinschaft, die das Zurückgeben gedeiht.

Este cinto clássico digno de rua da Timberland é projetado para todas as estações e combina com o seu estilo de vida, não importa quem você é ou como você o usa. O cinto masculino é feito de couro legítimo de flor integral, suave ao toque e tem uma cor rica. A cultura exclusiva da Timberland e os designs de produtos são inspirados por sua rica herança da Inglaterra. Tudo o que eles fazem foi baseado no estilo de vida ao ar livre – quer isso envolva trilhas florestais ou ruas da cidade – e uma comunidade Timberland que prospera ao retribuir.

바지 사이즈보다 두 사이즈 크게 벨트를 구매하는 것이 좋습니다. 따라서 보통 허리 86.4cm(34인치) 바지를 입으신다면 91.4cm(36인치) 벨트를 구입하세요.",2023-10-11 22:58:12
2,"Clothing, Shoes & Jewelry > Men > Accessories > Belts","BULLIANT Men's Belt, Brand Ratchet Belt Of Genuine Leather For Men Dress,Size Customized",https://m.media-amazon.com/images/I/81NqLtUKZbL._AC_UY550_.jpg,BULLIANT,4.6,"10,932",$15.99,"100% Leather
Woven stretch Braided Belt,Elastic Fabirc Strip and Zinc-alloyed Buckle,Width 1 3/8"";
Buckle closure
Dry Cloth Clean
Size Adjustable--Removing the buckle,and cut the strap for needed length,just buying bigger and getting always fit by cut;
Easy To Use--Available for precise and small adjustment of 0.5 CM,exactly fit to your waist variation;
Durability--Strap-Genuine Leather,flexible and firm; Buckle - Zinc alloyed with high quality coating for scratch resistance;",5.3 x 5.3 x 2.2 inches,B086W43PPS,Automatic Ratchet Belt,mens,"July 15, 2017",none,BULLIANT,none,none,#3,800+,none,"BULLIANT-From Nature, for the Nature
Ratchet Jeans Belt
Reversible Dress Belt
Sliding Ratchet Belt
Leather Braided Belt
Braided Stretch Belt
2Pack Braided Belt
Belt Width
1 3/8""（35mm) 1 1/4""(31mm) 1 3/8""（35mm) 1 3/8""（35mm) 1 1/3""(34mm) 1 1/3""(34mm)
Waist Size range
28""-52"" 26""-50"" 28""-52"" 26""-50"" 26""-50"" 26""-50""
Adjustable range
7.5"" 6.3"" 7.5"" Limitless Limitless Limitless
Adjusting step
1/4"" Stepless 1/4"" Stepless Stepless Stepless
Resize by cut
✔ ✔ ✔ ✘ ✘ ✘
Gift Package
✔ ✔ ✔ ✔ ✔ ✔
CLEAN LOOK HIDDEN TRACK BUILT TO LAST EASY TO ADJUST FASHION&COMFORTABLE
TRIM FOR SIZE
1-Fingd a thin screw-driver or nipper,opening the groove-door at the back of buckle,
2-Taking the strap out from the buckle;
3-Cutting the strap for your desired size,
4-Putting back the sized strap into the bukcle and close the groove.
SLIDE RATCHET BELT
BULLIANT MEN'S BELTS
DRESS
CASUAL
RESIZE BY CUT
Buckle -Zinc Alloy
GIFT PACKAGE
REVERSIBLE BELT
Learn More
For a 42” waist which is better the 36-42 or the 38-44?
How quickly can I adjust my belt when I sit down?
Will the belt set off metal detectors? Are they TSA approved?
What is inside the package?",2023-10-11 22:58:12
3,"Clothing, Shoes & Jewelry > Men > Accessories > Belts",KM Legend Men's Leather Dress Belt-Classic & Fashion for Work Business and Casual,https://m.media-amazon.com/images/I/717oGaQgaSL._AC_UX569_.jpg,KMLegend,4.5,"15,491",$14.60,"Genuine Leather
Made in the USA or Imported
Belted closure
Dry Clean Only
TOP QUALITY: KM Legend dress belts are handmade by the finest craftsmanship for maximum durability. Quality is and always our first priority.
EASY TO FIT: our belts gives you a sophisticate look for everyday wear to work, special occasions, uniforms, casual, job, or business meetings. The basic belt, always in style, and definitely a must-have in every man's closet
SIZE: 1 1/4"" belt width; 2 1/4"" x 1 3/4"" zinc buckle.",None,B08NZVWRC6,None,mens,"April 15, 2017",none,KM Legend,none,none,#4,2K+,none,"Tired of sticking everyday to the same dressing style?
Looking for a perfect match to your wardrobe? KM Legend is your perfect dress code solution!

Our high quality belts are made of 100% genuine cowhide leather with zinc buckle closure.
This classic and fashion KM Legend leather belts styles, were carefully selected and designed by the world-class designers of men’s fine luxury goods, known for modern and upscale designs for men's clothing with the most durable, sophisticated to meet your daily needs!
To make sure you look great when attending a business meeting, this belt will do its job. Its genuine leather composition, fine double edge stitching, and a durable metal buckle affirm belt's premium quality.
This men's belt is an ideal and basic dress or uniform accessory, and goes great with casual, dressy casual or formal attire making it excellent for everyday wear or special occasions.

Want to gift yourself or someone?
This mens golf belt makes a perfect gift idea for your business colleague, someone you love or even your boss.
How to perfectly determine your belt size?
Please refer to the size chart in the last the image for the perfect fit. Belt size equals measurement in inches when measured from the inner end of buckle to the 3rd hole from the buckle direction. TIP: For a perfect fit, order the belt size as close as your pant size, For example: 33-34in. waist should order size 34, 35-36in. waist should order size 36, 37-38in. waist should order size 38.",2023-10-11 22:58:12
4,"Clothing, Shoes & Jewelry > Men > Accessories > Belts","BULLIANT Men's Belt, Slide Ratchet Belt For Men Dress Pant Shirt Oxfords,trim To Fit",https://m.media-amazon.com/images/I/71PCPcDgfKL._AC_UY550_.jpg,BULLIANT,4.6,"43,462",$16.79,"100% Leather
Genuine Leather,New Design for Exact Fit,Width 1 3/8"";
Ratchet closure
Dry Cloth Clean
Exact-Fit--Easy to customize the belt size, just need to remove the belt buckle, and cut the strap at needed size. To avoid useless of too short, just buying a bigger size;
Gift Idea--Expansive Designs, Fashion style, packed in an elegant gift box, it is so nice to give to your family or friend as a gift, and you can buy a little bigger, the user can easily make it short;
Easy To Use--No trouble of size in-between of holes! in the back of belt,there are 32 ratchet notches,it provides a micro size-adjustment of 0.25"",which can follow the variation of your waist precisely;",None,B08L13LJ5M,None,mens,"October 8, 2017",none,none,none,none,#5,1K+,none,"BULLIANT-From Nature, for the Nature
Ratchet Jeans Belt
Reversible Dress Belt
Sliding Ratchet Belt
Leather Braided Belt
Braided Stretch Belt
2Pack Braided Belt
Belt Width
1 3/8""（35mm) 1 1/4""(31mm) 1 3/8""（35mm) 1 3/8""（35mm) 1 1/3""(34mm) 1 1/3""(34mm)
Waist Size range
28""-52"" 26""-50"" 28""-52"" 26""-50"" 26""-50"" 26""-50""
Adjustable range
7.5"" 6.3"" 7.5"" Limitless Limitless Limitless
Adjusting step
1/4"" Stepless 1/4"" Stepless Stepless Stepless
Resize by cut
✔ ✔ ✔ ✘ ✘ ✘
Gift Package
✔ ✔ ✔ ✔ ✔ ✔
CLEAN LOOK HIDDEN TRACK BUILT TO LAST EASY TO ADJUST FASHION&COMFORTABLE
TRIM FOR SIZE
1-Fingd a thin screw-driver or nipper,opening the groove-door at the back of buckle,
2-Taking the strap out from the buckle;
3-Cutting the strap for your desired size,
4-Putting back the sized strap into the bukcle and close the groove.
SLIDE RATCHET BELT
BULLIANT MEN'S BELTS
DRESS
CASUAL
RESIZE BY CUT
Buckle -Zinc Alloy
GIFT PACKAGE
REVERSIBLE BELT
Learn More
For a 42” waist which is better the 36-42 or the 38-44?
How quickly can I adjust my belt when I sit down?
Will the belt set off metal detectors? Are they TSA approved?
What is inside the package?",2023-10-11 22:58:12
5,"Clothing, Shoes & Jewelry > Men > Accessories > Belts",Steve Madden Men's Dress Casual Every Day Leather Belt,https://m.media-amazon.com/images/I/71e0b5j7y3L._AC_UY550_.jpg,SteveMadden,4.1,"25,962",$11.50,"50% Leather, 50% Polyurethane
Imported
Belt closure
Hand Wash Only
The Steve Madden's men's casual dress belt is the ideal belt to transition your outfit from casual daywear to work wear or dressy occasion.
Perfect men's casual dress belt that will soon become your favorite go-to everyday belt.
The perfect men's belt for jeans that can also convert into a men's dress belt and work belt.",None,B0BZWZSM7D,None,Mens,"March 27, 2017",none,Steve Madden,none,none,#6,2K+,none,"This classic casual dress belt by Steve Madden is designed for the versatile man and fits your lifestyle no matter who you are or how you wear it. The men's belt is made of bonded leather that is smooth to the touch and solid in construction. This Steve Madden belt is a great belt for jeans as well as a work dress belt. Madden's unique culture and product designs are inspired by their commitment to lead trends. The company's focus on ""now-ness"" has earned it rave reviews from men and women alike for their fashionable yet competitively priced products. The company popularized the notion of dressy-popular and continues to man the forefront of trends.",2023-10-11 22:58:12
6,"Clothing, Shoes & Jewelry > Men > Accessories > Belts","JUKMO Tactical Belt, Military Hiking Rigger 1.5"" Nylon Web Work Belt with Heavy Duty Quick Release Buckle",https://m.media-amazon.com/images/I/81cr3lwVSxL._AC_UX569_.jpg,JUKMO,4.6,"52,054",$17.98,"100% Nylon
Imported
Buckle closure
Dry Clean Only
QUICK RELEASE BUCKLE UPGRADED VERSION：The crafted heavy-duty buckle, made of aluminium alloy, has very strong load-bearing capacity, which can meet your different wearing requirements. The upgraded part is that it is more convenient to adjust the length to perfect fit more than you can imagine. If you want to understand more intuitively how to be more convenient, you can watch our short tactical video
HIGH QULITY STRETCH NYLON：We intent to make the strap be stretch. The strap is made by special stretch material which is more solid than regular belt. More than that, it is very sturdy as well as stretch, which make your waist be more comfortable as well as stay tight, when you take large range of activities. Anyone who do physical activities for a long period of hours will get a great use out of the tactical belt
FOR SPECIAL YOU: Our solid belt suits for military, SWAT, fire fighters, work, sport and other tactical users. Anyone who need to take any activity will be in harmony with the belt",9.06 x 2.76 x 2.36 inches; 10.58 Ounces,B082777FGM,None,Mens,"December 1, 2019",none,none,none,none,#7,3K+,none,"Easy to adjust
1.Put through the buckle
2.Pull the webbing to perfect fit, then press the lid
3.Perfect fit
Suitable for long hours activities
Millitary
Rigger
Hiking
Duty
Pack belt in elegant gift box for you giving whoever you love, or yourself
Micro-elastic Tactical Belt Ratchet Tactical Belt Quick Release Tactical Belt Quick Release Tactical Belt Quick Release Tactical Belt 2 Pack Tactical Belt
Belt width 1.5"" 1.5"" 1.5"" 1.5"" 1.5"" 1.5""
Gift package ✓ ✓ ✓ ✓ ✓ ✓
Reversible Ratchet Belt Reversible Ratchet Belt Nylon Ratchet Belt Nylon Ratchet Belt 2 Pack Nylon Ratchet Belt Elastic Braided Belt
Belt width 1.3"" 1.3"" 1.3"" 1.3"" 1.3"" 1.3""
Gift package ✓ ✓ ✓ ✓ ✓ ✓",2023-10-11 22:58:12
7,"Clothing, Shoes & Jewelry > Men > Accessories > Belts",Timberland PRO Men's 38mm Boot Leather Belt,https://m.media-amazon.com/images/I/81cJC3BzgHL._AC_UY550_.jpg,TimberlandPRO,4.5,"17,090",$17.99,"100% Leather
Imported
Belt closure
Hand Wash Only
Men's leather belt made with 100 percent genuine leather for a soft smooth feel. Sizing: order 1 size larger than your pant size for the best fit
Perfect men's durable work belt that will soon become your favorite go-to durable leather belt
The perfect men's belt for hard work that can also convert into a men's casual belt",None,B09MH329BS,None,mens,"September 17, 2019",none,Timberland PRO,none,none,#8,800+,none,"This durable leather work belt by Timberland PRO is designed with comfort, durability, and performance in mind.",2023-10-11 22:58:12
8,"Clothing, Shoes & Jewelry > Men > Accessories > Belts","Groove Life Groove Belt Men's Stretch Nylon Belt with Magnetic Aluminum Buckle, Lifetime Coverage",https://m.media-amazon.com/images/I/713noWmxVyL._AC_UX569_.jpg,GrooveLife,4.8,"18,402",$51.96,"Aluminum,Nylon
Made in the USA and Imported
Magnetic closure
Hand Wash Only
BORN IN ALASKA. BUILT IN TENNESSEE - Born in the Alaskan wilderness. Adventure Guide Peter Goodwin realized his lifestyle demanded better gear backed by unbelievable customer service. Groove Life was launched in a freezing garage in Port Alsworth, AK. Five years later, Groove Life employs over 200 people in Tennessee.
SIZING - We’ve made it real easy. Just match your pant size and we’ll do the rest. Check out our sizing guide in the product images for additional details. You can always call our customer service department for more assistance! We would love for you to say hi!
DESIGN - There’s a reason the Groove Belt is our best selling product. This tactical belt is ultra-comfortable and durable, it’s the perfect everyday belt for hard-working moms and dads, athletes, and weekend warriors. The average person adjusts their belt 5+ times per day, but the Groove Belt only needs to be adjusted one time ever.",None,B09CV6YK1J,None,Mens,"September 18, 2020",none,none,none,none,#9,800+,none,"Play Video
Belt Sizing Men's Ring Sizing Women's Ring Sizing Watch Band Sizing Wallet Sizing
SPACE-TECH
Proprietary webbing, rare earth neodymium magnets and A380 aluminum alloy buckle
1 SPACE-TECH 2 STIFF-TECH 3 ANTI-FLAP 4 SNAP-TECH 5 READY FOR ACTION
What's the strength of the Groove Belt magnet? Is it safe around pace makers, phones, etc?
Will the belt set off metal detectors? Are they TSA approved?
How can I clean or care for my Groove Belt?
What size Groove Belt should I order?
Built For Adventure
Groove Belt
Women's Rings
Vulcan Hybrid Watch Band
Men's Rings
Groove Wallet
94 -Year No BS Coverage
Patented Design
Sizes XS - XXL (varies by style) 4-11 (varies on style) Width & Length Variations 7-15 (varies on style) One Size
Collaborations
Adventure Approved",2023-10-11 22:58:12
9,"Clothing, Shoes & Jewelry > Men > Accessories > Belts","FAIRWIN Men's Ratchet Web Belt,1.25 inch Nylon Automatic Buckle Belt,No Holes Invisible Belt for Men",https://m.media-amazon.com/images/I/71NrgK95lPS._AC_UX569_.jpg,FAIRWIN,4.4,"13,877",$11.99,"99.99% Nylon
Import
Ratchet closure
Wet Wipe Clean
Gift for Men-Automatic Ratchet Buckle Web Belt - The automatic buckle belt is new design, First time we use the nylon webbing attache to a ratchet buckle. Just slide the belt into the buckle and pull the belt through, the buckle simply auto locks the belt.It’s simple, but smooth and sleek!
No Holes Full Adjustable Thick Belt - Total length 45 inch, width 1.25"", thickness 3.3mm, thicker than normal webbing belt. Suit for waist sizes up to 32” - 38"". We don’t suggest you cut the belt to a shorter length, please choose a right size.
Easy Belt Tail Design and Outstanding Automatic Belt - For this nylon belt , we design a hide-able belt tail style, you won’t be wondering with how to control the extra belt tail any more. Compare with the leather belt, the nylon belt won’t be cracked and aged after long times using.",6 x 4 x 2 inches; 4.8 Ounces,B07G64L79K,FW050,mens,"August 4, 2018",none,Fairwin,none,none,#10,2K+,none,"Product Feature
No Hole Auto-Sliding
The belt adopts a horizontal grain design without hole and spring snap , it is not easy to slide under strong pulling force.
Wear-resistant
Uses electroplating coloring instead of inkjet painting, which is wear-resistant, and there is no need to worry about scratches on the surface, while improving the texture and gloss of the buckle.
Gift Package
Stylish product design, high-quality products, exquisite packaging box are the great ideal as gifts for family, friends, colleagues.
Fairwin Ratchet Belt with Classic Business Buckle for Various Occasion",2023-10-11 22:58:12
10,"Clothing, Shoes & Jewelry > Men > Accessories > Belts",CHAOREN Ratchet Belts for Men 2-Pack - Stylish Leather Belts in Gift Set 35mm,https://m.media-amazon.com/images/I/81z5ydoV2+L._AC_UX679_.jpg,CHAOREN,4.7,"11,662",$23.99,"Genuine Leather
Imported
Ratchet closure
Dry Cloth Clean
Custom Fit - Enjoy up to 1.5"" adjustability for a flawless fit. The click belt trim to perfection with the easily removable buckle.
Effortless Use - Slide the black and brown belt into the buckle, and click on the buckle to lock it automatically. Effortless style made simple.
Lasting Elegance - Mens belts for jeans crafted from genuine leather, our belts exude refined texture. The scratch-resistant buckle ensures enduring quality.",7.48 x 7.48 x 1.97 inches; 1.1 Pounds,B0B7CZM5LQ,None,mens,"January 12, 2022",none,none,none,none,#11,900+,none,"Minimalism and timelessness are the DNA of CHAOREN
We carefully select the best designs for our customers which are suitable for any occasion. When you come to CHAOREN, being chic and stylish is effortless.
EXCEPTIONAL COMFORT CUSTOM FIT ELEGANT LOOK MINIMALIST FASHION
Easy & Comfort
ONE BELT - LIMITLESS ADJUSTMENTS
With CHAOREN Ratchet Click Belt, you can simply adjust the lever for a smooth release to slightly adjust the fit at different times of the day.
The ratchet system ensures you won‘t have your leather split from hundreds of donning and doffing of the belt and the bending of the strap that comes with a conventional belt with holes.
No holes that are too tight or just loose.
Being able to adjust these belts in very small increments makes all the difference in the world.
Must Have All-Day Comfort Easy to Use Ratchet Belt

Steps to use:
1. Measure your waist size
2. Trim the belt to your size before wearing it
3. Locking Belt: Just slide the belt into the buckle and pull the belt through, the buckle simply automatically locks.
4. Release Belt: To release the belt, gently push the lever on the side and the lock will snap.
Play Video
How quickly can I adjust my belt when I have eaten?
For a 42” waist which is better the 36-42 or the 42-48?
How long is the tail of the belt? I don't like having a long tail when I put on my belt.
What is inside the package?
Continuous updated designs to meet different personal styles.
MENS BELT
Slide Belts Pack
Leather Ratchet Belt
Click Belt
Brown Ratchet Belt
Click Belts Pack
Ratchet Strap
Belt Width
1 3/8"" 1 1/4"" 1 1/2"" 1 3/8"" 1 3/8"" 1 1/4"" 1 3/8""
Limitless Adjustments
✔ ✔ ✔ ✔ ✔ ✔ ✔
Custom Fit
✔ ✔ ✔ ✔ ✔ ✔ ✔
Gift Package
✔ ✔ ✔ ✔ ✔ ✔ ✔
Size Range
28-64"" Waist 28-52"" Waist 32-48"" Waist 28-58"" Waist 28-48""Waist 28-52"" Waist 32-52"" Waist",2023-10-11 22:58:12
11,"Clothing, Shoes & Jewelry > Men > Accessories > Belts",Dickies Men's Casual Leather Belt,https://m.media-amazon.com/images/I/71Gfs4yKvBL._AC_UX466_.jpg,Dickies,4.5,"53,539",$19.99,"100% Leather
Imported
Belt closure
Spot clean
CASUAL TIMELESS DESIGN: Adding a touch of style to your jeans or khakis is now a no-brainer. The belt strap features two rows of stitches on edges, a matte finish harness buckle and a pointed tip that finish off the classic silhouette of the belt.
100% LEATHER: Crafted from genuine leather, this high-quality belt provides you a nice and clean look to complement any outfit. The sleek and smooth leather strap is perfect to finish off any outfit.
DICKIES QUALITY: At Dickies, we take pride in designing belts that are made for your everyday life. From work to family time, we craft sturdy, yet fashionable belts that you can wear anytime and anywhere.
SIZING: Regular and Big & Tall sizes available. Fits from size 30"" to 56"". For best fit, order a size 2"" larger than your waist size. For example, if your waist size is 34"", order belt size 36"".",8 x 4 x 2 inches; 7.2 Ounces,B0BSSBKGMJ,11DI020021,mens,"September 20, 2007",none,Dickies,none,none,#12,1K+,none,"The dickie's brand name is synonymous with work wear, being tough, and built to last. This belt lives up to the dickie's name and adds a bit of flair with the extra stitching.",2023-10-11 22:58:12
12,"Clothing, Shoes & Jewelry > Men > Accessories > Belts",Timberland Men's Casual Leather Belt,https://m.media-amazon.com/images/I/71l96xZ4opL._AC_UX569_.jpg,Timberland,4.5,"21,789",$16.78,"100% Leather
Imported
Belt closure
Dry Clean Only
Men's leather belt made with 100 percent genuine leather for a soft smooth feel. Sizing: order 1 size larger than your pant size for the best fit
Perfect men's casual belt that will soon become your favorite go to every day leather belt
The perfect men's belt for jeans that can also convert into a men's dress belt and work belt",8 x 4 x 2 inches; 5.6 Ounces,B00MCW806K,BA5392,Mens,"December 19, 2014",none,Timberland Accessories,India,none,#13,300+,none,Genuine leather belt featuring a leather wrapped keep and antique finished buckle.,2023-10-11 22:58:12
13,"Clothing, Shoes & Jewelry > Men > Accessories > Belts","MILORDE Men's Genuine Leather Dress Belt, Handmade, 100% Cow Leather, Fashion & Classic Designs for Work Business and Casual",https://m.media-amazon.com/images/I/81UNeEHIiHL._AC_UY550_.jpg,MILORDE,4.5,"10,968",$13.81,"Made in USA or Imported
Belted closure
Dry Clean Only
PREMIUM QUALITY: 100% Pure Genuine Leather Belt. Handmade, Highly constructed for longer endurance and better upholding. The difference is in detail.
PRODUCT DIMENSIONS:1 1/4"" (33mm) strap width; 2 1/4"" x 1 3/4"" Nickle free single prong buckle, are made with zinc alloy to create a substance with greater strength and resistance to corrosion.
VERSATILE FITS:It is an ideal men accessory, to wear as an everyday leather dress belt. Higly Matches suit pants, jeans, khakis and any formal wear; never go out of style with classic yet stylish design of this belt.
EASY SIZE: For a perfect fit, order one size larger than your waist/pants size. For example, if your waist size is 34 inch, select size 36(waist 34).Please refer to the size chart among the images for clear instructions.",None,B09C3DNBC6,None,mens,"August 7, 2021",none,none,none,none,#14,1K+,none,"Profession Comes From Concentration
The extraordinary beauty, durability and functionality meet your daily needs.
This Belt is an perfect basic dress or uniform accessory, and goes great with casual, dressy casual or formal attire for your every day basic essential wear or special occasions. ""Costume matching"" is much easier! highly matches virtually every pair of dress pants, jeans, khakis, slacks, chinos, twills, or cords.
Classic but Fashionable: Belts are one of those accessories that really nail it when it comes to fashion and function.
Milorde Fashion:
There is no end to be the best, we have been always on the way. We've made it our mission to help bring out the beauty in you and assist you in expressing yourself. Milorde Belt is your best choice. Our products are rigorously tested and made with love because we believe that you deserve the best.
The Reason You Must Chose Us
High Quality Cowhide Leather
The Milorde leather belts styles, were carefully selected and designed by the world-class designers of men’s fine luxury goods, known for modern and upscale designs for men's clothing. The clear texture,fine and smooth handmade polishing,soft and comfortable feel leather belts. Quality is and always our first priority. The difference is in detail .
Visual Features
Milorde All-Match Genuine Leather Belts features a elegant design with a classic smooth finish and beautiful carefully crafted stitching on top & bottom, a single loop to hold end of strap with a single prong buckle. The variety of colors and sizes to choose makes the Milorde Belts complement for dressing with any outfit to give you a sophisticated look and feel.
Awesome Gift Packaging
We know the hassle of looking for that perfect gift, come valentine’s day gifts for him as well as Christmas, Father’s Day gifts, anniversary gifts, birthday gifts for men or just any lucky day. No more worries, he will loves our Milorde’s classic leather belts as well as our fashion gift packaging.
All-Match Milorde's Belt - Perfectly Shapes Your Waist Curve
We are so sure and confident you'll love our leather belt. The difference is in detail.
Black Leather Dress Belt Bunrt Leather Dress Belt Black Leather Jeans Belt Brown Leather Belt Black Casual Dress Belt Brown Casual Leather Dress Belt
Cow Leather ✓ ✓ ✓ ✓ ✓ ✓
Belt Width 1.25"" (33mm) 1.25"" (33mm) 1.5 "" (38mm) 1.5 "" (38mm) 1.38""(35mm) 1.38""(35mm)
Buckle Style Classic Single Prong Classic Single Prong Classic Single Prong Classic Single Prong Removable Single Prong Removable Single Prong
Belt Size Fixed Size Fixed Size Fixed Size Fixed Size Adjustable Size Adjustable Size",2023-10-11 22:58:12
14,"Clothing, Shoes & Jewelry > Men > Accessories > Belts","VATAN Men's Genuine Leather Casual Every Day Jeans Belts, 1 3/8"" Handmade Men Leather Belt with Gift Box",https://m.media-amazon.com/images/I/715Gzy2kO5L._AC_UY575_.jpg,VATAN,4.2,741,$13.87,"100% Genuine Leather
Imported
HIGH QUALITY GENUINE LEATHER BELT: The VATAN Casual Mens Classic Leather Jean Belt is made with 100 percent genuine leather handmade, with a eco-friendly solid metal single prong buckle, which is durable and scratch-resistant. It’ a perfect belt for daily use.
SIZING [IMPORTANT]: Belts strap width 1.4inch. For best fit, please refer our size chart, order one size larger than your waist/pants size. For example if your waist size is 32 inch, select size 34 (waist 32). Our belt have 7 belt holes for better adjustment.
HEAVY-DUTY MEN BELT: This classic heavy-duty men’s leather belt is designed to last long, made from one-piece cowhide leather, whole cut, owning the merit of strong and not easy to deform, offering you the nicest fit and look great. Its durable construction and superior materials permit all season use while looking great regardless of the application.
PERFECT MEN’s GIFTS: It is an ideal accessory for men to wear as everyday leather belts, which also goes well with casual, jeans, work pants and so on. Simple but classic design will never go out of style and suitable for all seasons. This minimalist belt is an excellent present for men who care about quality and versatility.
100% SATISFACTION: Every products we sold are checked seriously, we stand behind the quality of our leather goods so much that our men's leather belts have 90 days refund or replacement service.",5.5 x 5.5 x 2 inches; 12.8 Ounces,B0BNXBLWDH,VATN216,Mens,"December 3, 2022",none,none,none,none,#15,100+,none,"VATAN SIZE CHART:
Easy To Adjust：
For best fit, please refer our size chart, order one size larger than your waist/pants size. For example if your waist size is 32 inch, select size 34 (waist 32). Our belt have 7 belt holes for better adjustment.
Suitable for Various Occasions & Daily Wear
VATAN Men Jeans Belt
VATAN Men Work Belt
VATAN Men Heavy Duty Belt
COMFORTABLE LEATHER BELTS",2023-10-11 22:58:12
15,"Clothing, Shoes & Jewelry > Men > Accessories > Belts",Amazon Essentials Men's Dress Belt,https://m.media-amazon.com/images/I/717IONK7V9L._AC_UX569_.jpg,AmazonEssentials,4.4,"6,522",$13.90,"40% Bonded Leather, 38% Polyurethane, 22% Polyester
Imported
Buckle closure
Hand Wash Only
COMFORT AND FIT: This belt has 7 holes for a flexible fit.
MATERIAL: Amazon Essentials belts are made from high-quality materials. This style has a bonded leather strap, a metal buckle, and faux nubuck lining.
STYLE: The buckle has a subtle brused finish and the strap has a subtle shine.",1 x 1 x 1 inches; 8 Ounces,B08GD77JDW,11ET01XZ01,Mens,"August 20, 2020",none,Amazon Essentials,none,none,#16,600+,none,"Amazon Essentials is focused on creating affordable, high-quality, and long-lasting everyday clothing and accessories you can rely on.",2023-10-11 22:58:12
16,"Clothing, Shoes & Jewelry > Men > Accessories > Belts","CHAOREN Ratchet Belt for men - Mens Belts Leather 1 3/8"" for Dress Pants - Micro Adjustable Belt Fit Everywhere",https://m.media-amazon.com/images/I/810XJ6E7ilL._AC_UY550_.jpg,CHAOREN,4.7,"9,870",$15.99,"100% Leather
Imported
Ratchet closure
Dry Cloth Clean
FOR EXACT FIT - Mens dress belt allows for up to 1/5"" adjustments for perfect fit everywhere. The Rachette belt features an easily removable buckle that allows you to cut the black belt to your ideal size.
EASY TO USE - Slide the leather belts for men into the buckle, and click on the buckle to lock it automatically. Gently push the lever on the side of the automatic buckle, and pull the casual belt to release. Simple, smooth, and sleek!
MAXIMUM DURABILITY - Mens belts for jeans with genuine leather, presenting a high texture refined look, High-density stylish buckle is lighter and SCRATCH RESISTANT which is made to last.",3.15 x 1.18 x 1.18 inches; 2.82 Ounces,B0CDGWDKQR,None,mens,"August 2, 2023",none,none,none,none,#17,3K+,none,"Continuous updated designs to meet different personal styles.
Leather Ratchet Belt
Full Grain Leather Belt
Leather Ratchet Belt
Dress Blt
Brown Ratchet Belt
Full Grain Leather Belt
Belt Width
1 1/8"" 1 1/2"" 1 1/2"" 1 1/8"" 1 3/8"" 1 1/2""
Limitless Adjustments
✔ ✔ ✔ ✘ ✔ ✘
Custom Fit
✘ ✔ ✔ ✘ ✔ ✘
Gift Package
✔ ✔ ✔ ✔ ✔ ✔
Size Range
33-44"" Waist 32-48"" Waist 32-48"" Waist 34-46"" Waist 28-48""Waist 34-42"" Waist
Minimalism and timelessness are the DNA of CHAOREN
We carefully select the best designs for our customers which are suitable for any occasion. When you come to CHAOREN, being chic and stylish is effortless.
EXCEPTIONAL COMFORT CUSTOM FIT ELEGANT LOOK MINIMALIST FASHION
Innovative Effortlessness
Comfortable Fit
With CHAOREN Ratchet Click Belt, you can simply adjust the lever for a smooth release to slightly adjust the fit at different times of the day.
The ratchet system ensures you won‘t have your leather split from hundreds of donning and doffing of the belt and the bending of the strap that comes with a conventional belt with holes.
No holes that are too tight or just loose.
Being able to adjust these belts in very small increments makes all the difference in the world.
Must Have All-Day Comfort Easy to Use Ratchet Belt

Steps to use:
1. Measure your waist size
2. Trim the belt to your size before wearing it
3. Locking Belt: Just slide the belt into the buckle and pull the belt through, the buckle simply automatically locks.
4. Release Belt: To release the belt, gently push the lever on the side and the lock will snap.
Play Video
How quickly can I adjust my belt when I have eaten?
For a 42” waist which is better the 36-42 or the 42-48?
How long is the tail of the belt? I don't like having a long tail when I put on my belt.
What is inside the package?",2023-10-11 22:58:12
17,"Clothing, Shoes & Jewelry > Men > Accessories > Belts",Timberland Men's Classic Leather Reversible Belt,https://m.media-amazon.com/images/I/71kIpBtbRkL._AC_UY550_.jpg,Timberland,4.1,"9,425",$16.99,"100% Leather
Made in the USA and Imported
Buckle closure
Hand Wash
MEN’S 100% REVERSIBLE LEATHER BELT: Timberland reversible belt for men is made with 100% genuine leather and has a single-loop silver buckle design and feathered edges. It’s a perfect everyday casual mens belt leather. The belt width is 1.4 inch
CASUAL OR DRESS BELT: This leather mens belt is a versatile belt, it’s the perfect mens belt for jeans but easily converts into a dress belt. The precision manufacturing ensures durability, making it a great work belt as well as a mens belt casual
ONE BELT TWO COLORS: The Timberland Men’s Reversible Leather Belt is reversible and has one black side and one brown side. You can purchase one belt and get a black mens belt and a brown mens belt for the price of one",5 x 5 x 0.7 inches; 5.64 Ounces,B01MYGIPPQ,BA5407,mens,"April 8, 2017",none,Timberland Accessories,India,none,#18,600+,none,"For those working on the job site, going to the office or simply walking around town, do so in style while you wear a Timberland belt for men. This Timberland Men’s Reversible Leather Brown Black Belt is made from 100% genuine leather and has a silver single-loop buckle. This men’s leather belt can transition from a men’s jean belt but can also be converted to be worn as a mens dress belt with slacks. Manufactured with classically cut edges and a single-prong buckle, this daily men’s leather belt simply looks great, and it’s designed to last a long time. The Timberland Men’s Classic Leather Jean Belt features feathered edges and pairs well with high-quality jeans and Timberland boots Timberland products are designed to last for extended periods of frequent use. Our mens belts are made from high-quality genuine leather and stitched with precision manufacturing standards, which helps them hold up to frequent and extensive use. The durable construction and superior materials also withstand cold and hot weather alike, making this a perfect all-season work belt or casual belt. This street-worthy mens leather belt by Timberland is made to fit to your daily schedule and lifestyle comfortably. It is smooth to the touch and has a sharp and rich color. Timberland offers this men’s belts in different sizes. Looking for a mens brown belt or mens black belt we have you covered. Don’t sacrifice when looking for a leather belt for men. Our Timberland Mens belts for jeans are inspired by a rich and traditional New England heritage, and the quality they produce in each product is legendary. This genuine leather jean belt is offered in big and tall sizes and multiple colors. For a precision fit, it’s best to order it one size larger than your pants. Don’t settle with a no name mens casual belt, get the best mens belt available from a trusted brand like Timberland. Our quality and craftsmanship makes our jean belt for men the perfect belt for all men.",2023-10-11 22:58:12
18,"Clothing, Shoes & Jewelry > Men > Accessories > Belts","BULLIANT Men's Belt, Reversible Belt 1.25"" For Mens Casual Golf Dress pants shirts,One Reverse For 2 Sides",https://m.media-amazon.com/images/I/81katFnek+L._AC_UX569_.jpg,BULLIANT,4.4,"18,505",$18.98,"100% Leather
One Genuine Leather Belt Width 1 1/4"",Removable Buckle for Cut to Fit；
Screw closure
Dry Cloth Clean
Reversible--Paying one belt but getting two! So easy to reverse the belt from one side to another, thus you can change from black to brown and vice versa to match different dresses, specially during long travelling;
Exact Fit--Full range of sizes to select to get exact fit, suggesting select 1 size bigger(2"") than you waist size for needed adjustability. however, just in case too big, it is easy to remove the buckle and cut the strap short to needed size;
Durability--Strap-Genuine Leather with Micro Fabric Solution, Buckle -Zinc Alloy with high quality decoration for scratch resistance, it provides a maximum endurance for your daily use;",None,B08L13H7SY,None,mens,"August 3, 2017",none,none,none,none,#19,1K+,none,"BULLIANT-From Nature, for the Nature
Ratchet Belt
Reversible Dress Belt
Sliding Ratchet Belt
Leather Braided Belt
Braided Stretch Belt
2Pack Braided Belt
Belt Width
1 3/8""（35mm) 1 3/8""（35mm) 1 3/8""（35mm) 1 3/8""（35mm) 1 1/3""(34mm) 1 1/3""(34mm)
Waist Size range
28""-52"" 28""-52"" 28""-52"" 26""-50"" 26""-50"" 26""-50""
Adjustable range
7.5"" 7.5"" 7.5"" Limitless Limitless Limitless
Adjusting step
1/4"" 1/4"" 1/4"" Stepless Stepless Stepless
Resize by cut
✔ ✔ ✔ ✘ ✘ ✘
Gift Package
✔ ✔ ✔ ✔ ✔ ✔
FOR DRESSES 1 BELT 2 SIDES FOR CASUAL PRODUCT-STRUCTURE FASHION&COMFORTABLE
TRIM FOR SIZE
1:Tuning the Groove Box at the cross position to Bukcle,then using thin screw-driver or nipper to oppening the Groove door from the hole;
2:Taking the strap out from the buckle and Cutting the strp for you desired size;
3:Putting back the sized strp into the buckle and close the groove while keeping it at cross position to buckle;
4:Turning back the groove box to parallel position;
BULLIANT is a special belt designer who designs simpler, more aesthetically pleasing, more reliable, safer, more durable and easier-to-operate belts for customers.
REVERSIBLE BELT
BULLIANT MEN'S BELTS
DRESS
CASUAL
RESIZE BY CUT
Buckle -Zinc Alloy
GIFT PACKAGE
RATCHET BELT
Learn More
For a 42” waist which is better the 40-42 or the 42-44?
Will the belt set off metal detectors? Are they TSA approved?
What is inside the package?",2023-10-11 22:58:12
19,"Clothing, Shoes & Jewelry > Men > Accessories > Belts",Under Armour Men's Webbing Belt,https://m.media-amazon.com/images/I/61m97q6LDWL._AC_UX569_.jpg,UnderArmour,4.4,857,$11.00,"100% Polyester
Imported
Pull On closure
Machine Wash
Durable webbed material offers just enough flexibility
Metal clamp-shut buckle & end tipping feature embossed details
Reversible
Adjustable, cut-to-fit sizing (One Size Fits Most)",12 x 8 x 0.5 inches; 1.4 Pounds,B093JZSLH9,1369819,Mens,"April 26, 2021",none,Under Armour,none,none,#20,900+,none,"Built with a quick-and-easy clasp that's totally adjustable, this belt will give you a perfect fit every time. It was designed for flexibility on the golf course, but don't be surprised if it ends up in your daily rotation. Durable webbed material offers just enough flexibility. Metal clamp-shut buckle & end tipping feature embossed details. Reversible. Adjustable, cut-to-fit sizing (One Size Fits Most). 100% Polyester.",2023-10-11 22:58:12
20,"Clothing, Shoes & Jewelry > Men > Accessories > Belts","CHAOREN Leather Reversible Belts for Men - Double Style, Singular Elegance",https://m.media-amazon.com/images/I/91fY-7BP8qS._AC_UX569_.jpg,CHAOREN,4.5,"11,008",$14.39,"100% Genuine Leather
Imported
Pull On closure
Hand Wash Only
2-in-1 Sophistication: Elevate your wardrobe with the versatile charm of our brown and black reversible leather belt. Experience two colors in one, making it an ideal companion for your favorite jeans, casual attire, or dress pants. Effortlessly transition between looks with this smart accessory.
Tailored Fit, Effortless Adjustment: Say goodbye to the hassle of traditional double-sided belts. Our innovative design eliminates the need for tools. Trim it to your exact size without the fuss. Perfectly suited for those with a 33/35 waist, embrace a tailored fit that exudes confidence.
Seamless Versatility: The CHAOREN reversable belt features 7 oval holes, including 2 for precise adjustment or gifting. To ensure the best fit, consider ordering a size 2 inches larger than your waist. Embrace a belt that adapts to your needs and style.",5.9 x 5.5 x 1.5 inches; 9.6 Ounces,B09DLJPBHN,None,mens,"December 14, 2020",none,CHAOREN,none,none,#21,500+,none,"Continuous updated designs to meet different personal styles.
Reversible Dress Belt
Reversible Casual
Plaque Buckle Reversible
Dress Belt
Full Grain Leather Belt
Braided Leather
Braided Leather
Belt Width
1 1/4"" 1 1/2"" 1 3/8"" 1 1/8"" 1 1/2"" 1 1/8"" 1 1/8""
Size Range
32-46"" Waist 32-44” Waist 34-46"" Waist 36-48"" Waist 32-46"" Waist 30-48"" Waist 30-48"" Waist
Trim to Fit
√ √ √ — √ — —
Style
Dress Casual Dress Dress Casual Casual/Dress Casual/Dress
Gift Package
√ √ √ √ √ √ √
Reversible Belt by CHAOREN
ONE BELT - TWO STYLES
You really cannot go wrong with these straight-down-the-line classic from CHAOREN belt.
It comes in a Versatile Style, luxurious buckle with brand logo embossed, making it a stalwart, reliable piece to have as a backbone accessory in your wardrobe.
Sticking to a simple style made with quality materials and craftsmanship provides ample charm. Furthermore, having a rotatable buckle allows you to switch between different occasions or different clothes.
Easier Reversible Buckle 7 Oval Holes Perfect Fit 2-in-1 Versatile Style
Minimalism and timelessness are the DNA of CHAOREN",2023-10-11 22:58:12
21,"Clothing, Shoes & Jewelry > Men > Accessories > Belts","Zitahli Men's Belt,Ratchet Belt Dress with Premium Leather,Slide Belt with Easier Adjustable Automatic Buckle",https://m.media-amazon.com/images/I/81p6UEu2GiL._AC_UY550_.jpg,Zitahli,4.7,"3,622",$9.99,"Imported
Ratchet,Snap closure
Dry Cloth Clean
✅ EAST TO USE BELT FOR MEN-Just slide the dress belt into the sliding buckle and pull leather belt through, the ratchet buckle auto-locks.To release the ratchet belt, gently push the release lever on the side of the automatic buckle and lock will snap. Simple, smooth and sleek!
✅ EXACT FIT MEN'S SLIDE BELT-Zitahli's click belt allows for up to 1/5"" adjustments for perfect fit everywhere. The micro adjustable belt features an easily removable buckle that allows you to cut the black jean belt to your Ideal size(Size mark on the belt strap). Complete your look with our comfortable fit mens belts.
✅ REINFORCED BELT AND BUCKLE-Our Black/Brown ratchet belts for men is made of premium high-quality leather with great Special craftsmanship for lasting wear. And the buckle is plated with high-strength alloy, which makes it SCRATCH RESISTANT and DURABLE.
✅ 3-YEAR QUALITY GUARANTEE-Your satisfaction is our top priority! Even though every Zitahli men's belt is “overbuilt” to last, we get it...stuff happens!) We offer 3-YEAR QUALITY GUARANTEE, Any product issue, contact us and we offer hassle-free exchange and returns any time without hesitation.
✅ ELEGANT PERFECT GIFT BOX-Comes in elegant gift box packaging. Featuring construction for comfortable wearing all-day long, Zitahli fashion leather belt men will meet almost any occasions and outfits, which is also the utmost suitable gift for men.",None,B0CJPMTFPK,None,Mens,"September 23, 2023",none,none,none,none,#22,3K+,none,"Adhering to the concept of environmental protection, Zitahli belt adopts the composite of superfine fiber and leather. After advanced processing technology, it forms a men's business belt with strong tensile resistance and not easy to wrinkle. The ratchet belt adopts automatic buckle, which is easy to buckle and loosen. The material is high-grade, slim and wear-resistant. A variety of sizes can be selected. And added quality assurance, so that you don't worry about shopping",2023-10-11 22:58:12
22,"Clothing, Shoes & Jewelry > Men > Accessories > Belts",Timberland PRO Men's 40mm Workwear Leather Belt,https://m.media-amazon.com/images/I/71DPc0S+2CL._AC_UY550_.jpg,TimberlandPRO,4.5,"9,665",$18.56,"100% Leather
Imported
Belt closure
Hand Wash Only
Men's leather belt made with 100 percent genuine leather for a soft smooth feel. Sizing: order 1 size larger than your pant size for the best fit
Perfect men's durable work belt that will soon become your favorite go-to durable leather belt
The perfect men's belt for hard work that can also convert into a men's casual belt",None,B0877PQWM3,None,Mens,"April 13, 2018",none,none,none,none,#23,200+,none,,2023-10-11 22:58:12
23,"Clothing, Shoes & Jewelry > Men > Accessories > Belts",Champion Sports Adult and Youth Baseball/Softball Uniform Belts - in Multiple Colors,https://m.media-amazon.com/images/I/717XcPgw5tL._AC_UX679_.jpg,ChampionSports,4.6,"12,315",$6.99,"Elastic
Imported
Buckle closure
Wet Wipe Clean
Comfortable, adjustable elastic uniform belt with a tough Syntex tab
Durable metal buckle with 4 belt notches for an adjustable fit
Sized for youths with waists ranging from 18"" to 32""",None,B07N8VB2XX,None,Mens,"January 30, 2019",none,Champion Sports,none,none,#24,900+,none,"Ensure uniforms fit comfortably and securely throughout the game as players run, jump and slide with the Champion Sports Youth and Adult Sized Baseball/Softball Uniform Belt. The athletic belt combines close-fitting elastic with a durable Syntex tab, and it will stretch to fit a player's waists. Youth sized belts fit waists ranging from 18"" to 32"" and adult sized belts fit waists ranging from 22"" to 46"". Great for a wide variety of sports and activities beyond the baseball diamond, the uniform belt comes in 19 colors, three of which are neon colors to coordinate easily with any team's uniforms.",2023-10-11 22:58:12
24,"Clothing, Shoes & Jewelry > Men > Accessories > Belts","Genuine Leather Dress Belts For Men - Mens Belt For Suits, Jeans, Uniform With Single Prong Buckle - Designed in the USA",https://m.media-amazon.com/images/I/7152N3GgXoL._AC_UY550_.jpg,AccessDenied,4.5,"5,691",$19.96,"100% Leather
Imported
Tongue Buckle closure
Dry Cloth Clean
[ HIGH QUALITY CRAFTSMANSHIP ] Our Genuine Leather Belts are Built To Last and Impress.
[ SIZING ] The width of our strap is 1.25 Inches. For the best fit, please refer to our size chart. You should order one size larger than your waist/pants size. For example, if your waist size is 34, select a size 36 belt.
[ VERSATILE ] The Perfect Mens Accessories that can be worn everyday, with a Uniform, Jeans or Formal.",None,B07XBVK74T,None,Mens,"September 3, 2019",none,none,none,none,#25,200+,none,none,2023-10-11 22:58:12
25,"Clothing, Shoes & Jewelry > Men > Accessories > Belts","Cut To Fit Canvas Web Belt Size Up to 52"" with Flip-Top Solid Black Military Buckle (16 Color and Combo Pack Options)",https://m.media-amazon.com/images/I/716mJ+EEttL._AC_UX569_.jpg,MileHighLife,4.4,"15,301",$8.99,"Canvas
Flip closure
Wet Wipe Clean
COLORS STYLE: 16 colors option or 3 Pack available to match any jeans, khakis, and golfing pants
BUCKLE: Each belt has individual Buckle, Metal Military style buckle tightly secures and easy to unbuckle, fit for golf belt, outdoor belt
FlEXIBLE FIT - Belt fully adjustable and easy cut to fit any waist size up to 56"". Pull the latch on the buckle to release the belt, make the cut, put the belt back and secure the latch.
FEATURES: Cut to fit up to waist size 52"", 56"" Inches (142CM) Length, 1.5"" Inches (3.81CM) Width. Mens belt, black belts for men, golf belts for men, golf belt, black belt, belt for men, mens black belt, canvas belt, mens black belt, web belts for men, golf belts, white belt, web belt, black belt men, big and tall belts, canvas belts for men, yellow belt, red belt, green belt, blue belt, grey belt, cintos de hombre, boy scout belt
MATERIAL: High Density Canvas Cotton webbing offers high endurance and resilience.",None,B07D6RXRTV,None,mens,"May 21, 2018",none,none,none,none,#26,1K+,none,"Canvas Web Belt-Silver Nickel Buckle Outdoor Military Belt Pin Buckle Leather Belt Braided Stretch Elastic Belt Junior Boys Girls Elastic Belt
Our Similar Popular Belt Nickle Steel Buckle Canvis Belt High-Density Belt Body Gunine Leather Belt Classic Mens Jeans Belt Junior Kids Belt",2023-10-11 22:58:12
26,"Clothing, Shoes & Jewelry > Men > Accessories > Belts",Canvas Elastic Fabric Woven Stretch Multicolored Braided Belts,https://m.media-amazon.com/images/I/61zi7bcnMtL._AC_UX569_.jpg,Gelante,4.5,"19,501",$9.99,"95% Elastic, 5% Faux Leather
Imported
Belt closure
Wet Wipe Clean
Canvas Multicolored Braided Belts
Medium fits waist 32 33 34 35 / Large fits waist 36 37 38 39 40 / XL fits waists 41 42 43 44 45 ; Belt Width: 1.3 inch
Gloss Solid Metal buckle fastening / Polyester-blend soft stretchy belt",None,B01HRASJ5I,None,mens,"June 29, 2016",none,No,none,none,#27,1K+,none,This unisex belt is great for men or women's casual or uniformed looks. Show off your personal style with one of the many available brilliant color choices.,2023-10-11 22:58:12
27,"Clothing, Shoes & Jewelry > Men > Accessories > Belts","WOLFANT Full Grain Leather Belt,100% Italian Real Solid Leather",https://m.media-amazon.com/images/I/81frrLXfQYL._AC_UY550_.jpg,WOLFANT,4.5,"2,540",$26.38,"100% Real Solid Full Grain Leather
Imported
Pull-Through closure
Dry Cloth Clean
[Full Grain]: This solid belts is handmade of 100% Italian Full Grain Leather– NO Fillers, NO Bonding, one single piece of 1.5"" top Real Solid cowhide, wont break, wont split. The quality of this leather ensures a long-lasting life and durability.
[Aesthetic Buckle]: Unlike a common buckle, the anaglyph of heavy duty metal buckle makes it look more aesthetic.Combined with exquisite handmade, this cowhide belt will serve as a fine accessory to any jeans, casual, work pants, business slacks& more.You can be sure to never go out of style with the classic yet stylish design of belt.
[Perfect Fit]: There are 7 holes on the mens belt to make belt fits more waistline size. Each product comes with a puncher so that you can remove the belt head to adjust the belt length according to your waist size.",5.12 x 4.33 x 2.2 inches; 10.93 Ounces,B092H3TG4D,None,Mens,"April 14, 2021",none,none,none,none,#28,100+,none,"Video Description
Play Video
Exquisite Gift
Light Luxury and Elegance
A belt is very important to sharpen men's personal style and taste.The light luxury style with full and rich texture will satisfy your needs on different occasions.
Ergonomic Buckle
Unlike a flat buckle, the curve of heavy duty metal buckle makes it fit the waist curve.
1 Ergonomic Buckle 2 One Piece Leather 3 Superb Oil Edge 4 Classic Timeless
How wide is this belt and how thick is the leather?
Can this belt be adjusted for shorter length? How to choose the right size?
Is it 100% full grain leather? Is it Italian full grain leather?
How can I clean or care for my Belt?
Classic Casual Jeans Belt Leather Tactical Belt Heavy Duty Work Belt Casual Jeans Leather Belt Workwear Leather Belt
Product Description
Black
Black
Black
Black
Black
Black and Brown
Leather Type Full Grain Leaher Double Full Grain Leaher Full Grain Leaher Full Grain Leaher Full Grain Leaher Full Grain Leaher
Buckle Style Quick Release Vintage craft Vintage craft Vintage craft Vintage craft Drawing process
Belt Width 38mm 38mm 38mm 40mm 38mm 35mm
Belt Thickness 4mm 6mm 4mm 4mm 4mm 3.5mm
Additional Colors",2023-10-11 22:58:12
28,"Clothing, Shoes & Jewelry > Men > Accessories > Belts",XOUXOU Men's Casual Leather Jeans Belts Classic Work Business Dress Belt with Prong Buckle for Men,https://m.media-amazon.com/images/I/71ZMqge2kVS._AC_UY575_.jpg,XOUXOU,4.5,"6,921",$12.69,"100% Leather
Imported
HIGH QUALITY BELT: This belt crafted from quality leather, with Nickle free single prong buckle; highly constructed and durable, gives you a nice and clean look looks.
SIZING: Belts strap width1 1/4‘’. For best fit, please refer our size chart, order one size larger than your waist/pants size. For example if your waist size is 32 inch, select size 34 (waist 32).
VERSATILE: It is an ideal men accessory, to wear as an everyday leather belt; never go out of style with the classic yet stylish design of this belt, high quality material advancing your taste in fashion, the belt goes great with suit pants, jeans or formal wear.
PACKAGE: Our leather dress belt packed in a gift box. It is great as a present for your friends, family and lover in any special days or anniversary.
EXCELLENT SERVICE: If you are unhappy with our belt or service, please contact us. Our customer service staff will solve it within 24 hours.",6 x 6 x 2.5 inches; 10.58 Ounces,B08K59JHR3,None,mens,"September 26, 2020",none,none,none,none,#29,300+,none,none,2023-10-11 22:58:12
29,"Clothing, Shoes & Jewelry > Men > Accessories > Belts","Lavemi Men's Real Leather Ratchet Dress Casual Belt, Cut to Exact Fit, Elegant Gift Box",https://m.media-amazon.com/images/I/71RzTYgo1PL._AC_UX569_.jpg,Lavemi,4.6,"43,621",$17.99,"100% Leather
Ratchet closure
Dry Cloth Clean
TRIM TO FIT - You can trim the strap length by yourself to fit your size if the belt strap is too long for you.
NO MORE HOLES - Lavemi's Fashion Ratchet Belt provides 38 unique adjustments for a superb comfortable fit. Easy removable buckle allows you to cut the belt to your ideal size to give a primmer and custom tailored appearance!
EASY USE - Just slide the belt into the buckle and pull the belt through, the buckle simply auto locks the belt, to release the belt, gently push the lever on the side of the buckle and lock will snap. Simple, smooth and sleek!
MAXIMUM DURABILITY - Leather strap is a bit wider than 1 2/5"" presenting the perfect look of a fine, genuine leather quality belt, complemented with an HIGHLY FASHIONABLE stylish, buckle that is elegantly designed with class. Scratch resistant buckles made to last.
GIFT BOX - Make a big impression! Enclosed in a lovely, attractive gift box.",None,B08FLYBP2J,None,mens,"August 11, 2020",none,none,none,none,#30,2K+,none,"Custom Size & No Holes
Easy Detachable buckle allows you to cut the belt strap to your ideal size to give a primmer and custom tailored appearance! No headache of buying a too short size, specially while taking as a gift but no precise waist of the objective, just buying bigger and cut later on.Following the instruction in the packing box to cut the belt strap.
The Ratchet system provides 38 unique adjustments instead of holes.The belt looks better without the holes.
Exact Fit and Easy Take Off
New design for exact. Ratchet Belt provides 38 unique adjustments for a superb comfortable fit.The belt looks better without the holes.
Easy Use. Just slide the belt into the buckle and pull the belt through, the buckle simply auto locks the belt, to release the belt, gently push the lever on the side of the buckle and lock will snap
High Quality Leather
Lavemi always insists on the best quality genuine leather only. All of the products manufactured by Lavemi are made of top grade genuine leather. Our customers are highly satisfied with the quality of our leather.
Durable Buckle
We choose high quality metal buckle for durability. Our buckle has high resistance to rust,corrosion and tarnishing, which will be shiny as a new one even years later.
Multi Styles to Match your Pants and Shoes
We designed multi styles to match your pants and shoes, you can dress up or down easily.
Looks great with dress pants.
This is exremely gorgeous and timeless with super function for both of jeans and dress pants.
Looks great with jeans too
Designed with simple appearance, it is an ideal for both of leisere life and business suit.
Gift Box Packing
We have confidence this can give you a good shopping experience, including your friends. As a gift, it is a good choice, you and your friends will love it.
Ratchet Belt Reversible Belt Braided Belt Elastic Casual Belt Replace Strap
Feature Exact Fit One Belt Use Two Colors Vintage Look Perfact for Casaul and Sports Replace Strap
Real Leather ✓ ✓ ✓ ✓
Styles 40+ 9+ 6+ 10+ 6",2023-10-11 22:58:12
